B (T) - H (A/m),,,,,,,
Pid = 1,,,,,,,
Z = 0,,,,,,,
X = 0,,,,,,,
Y = 0,,,,,,,
,t,H x,B x,H y,B y,H z,B z
1,0,0,0,0,0,0,0
2,0.17,5.06E-02,1.27E-04,9.37E-17,1.06E-17,0,0.00E+00
3,0.34,0.222941,5.59E-04,5.51E-13,4.86E-15,0,0.00E+00
4,0.51,0.394591,9.91E-04,3.44E-13,1.10E-14,0,0.00E+00
5,0.68,0.565562,1.42E-03,2.22E-12,1.69E-14,0,0.00E+00
6,0.85,0.735859,1.86E-03,2.21E-12,1.42E-14,0,0.00E+00
7,1.02,0.905488,2.29E-03,2.04E-12,1.53E-14,0,0.00E+00
8,1.19,1.199179,3.04E-03,1.97E-12,1.67E-14,0,0.00E+00
9,1.36,1.668153,4.25E-03,2.57E-12,2.05E-14,0,0.00E+00
10,1.53,2.132089,5.47E-03,4.50E-12,2.59E-14,0,0.00E+00
11,1.7,2.591095,6.68E-03,4.01E-12,2.69E-14,0,0.00E+00
12,1.87,3.045274,7.89E-03,3.60E-12,2.29E-14,0,0.00E+00
13,2.04,3.494724,9.10E-03,5.79E-12,3.91E-14,0,0.00E+00
14,2.21,4.043241,1.06E-02,8.00E-12,4.09E-14,0,0.00E+00
15,2.38,4.676151,1.24E-02,8.40E-12,5.69E-14,0,0.00E+00
16,2.55,5.299907,1.41E-02,6.63E-12,5.55E-14,0,0.00E+00
17,2.72,5.914768,1.59E-02,9.31E-12,5.83E-14,0,0.00E+00
18,2.89,6.520979,1.76E-02,1.25E-11,8.21E-14,0,0.00E+00
19,3.06,7.118778,1.94E-02,8.46E-12,7.44E-15,0,0.00E+00
20,3.23,7.746355,2.12E-02,-4.52E-12,-1.63E-14,0,0.00E+00
21,3.4,8.385423,2.32E-02,8.95E-12,8.12E-15,0,0.00E+00
22,3.57,9.015135,2.51E-02,1.52E-11,-2.19E-14,0,0.00E+00
23,3.74,9.635754,2.70E-02,2.83E-12,-3.64E-14,0,0.00E+00
24,3.91,10.247536,2.89E-02,-1.26E-12,-5.94E-14,0,0.00E+00
25,4.08,10.850723,3.09E-02,-5.98E-12,-5.75E-14,0,0.00E+00
26,4.25,11.386105,3.26E-02,1.31E-11,3.86E-14,0,0.00E+00
27,4.42,11.896677,3.43E-02,4.41E-12,2.45E-14,0,0.00E+00
28,4.59,12.401241,3.59E-02,4.75E-12,5.39E-14,0,0.00E+00
29,4.76,12.899934,3.76E-02,6.22E-12,1.73E-14,0,0.00E+00
30,4.93,13.392889,3.93E-02,1.80E-11,7.87E-14,0,0.00E+00
31,5.1,13.880233,4.10E-02,1.33E-11,1.30E-13,0,0.00E+00
32,5.27,14.080516,4.20E-02,4.51E-11,8.03E-14,0,0.00E+00
33,5.44,14.198357,4.30E-02,1.03E-11,2.27E-15,0,0.00E+00
34,5.61,14.315974,4.40E-02,1.25E-11,5.33E-14,0,0.00E+00
35,5.78,14.433251,4.50E-02,2.44E-11,8.81E-14,0,0.00E+00
36,5.95,14.55019,4.60E-02,2.55E-11,5.71E-14,0,0.00E+00
37,6.12,14.666793,4.70E-02,1.64E-11,4.05E-14,0,0.00E+00
38,6.29,14.783063,4.69E-02,1.79E-11,6.18E-14,0,0.00E+00
39,6.46,14.772589,4.69E-02,2.26E-11,5.53E-14,0,0.00E+00
40,6.63,14.762461,4.68E-02,1.74E-11,4.56E-14,0,0.00E+00
41,6.8,14.752333,4.67E-02,1.83E-11,5.53E-14,0,0.00E+00
42,6.97,14.742204,4.67E-02,2.04E-11,7.25E-14,0,0.00E+00
43,7.14,14.732076,4.65E-02,2.38E-11,3.70E-14,0,0.00E+00
44,7.31,14.348439,4.51E-02,1.00E-11,-2.98E-14,0,0.00E+00
45,7.48,14.123882,4.38E-02,8.25E-13,-9.51E-14,0,0.00E+00
46,7.65,13.89896,4.24E-02,-1.12E-11,3.84E-15,0,0.00E+00
47,7.82,13.674129,4.11E-02,2.54E-11,-2.60E-14,0,0.00E+00
48,7.99,13.449384,3.97E-02,-8.91E-12,-1.02E-13,0,0.00E+00
49,8.16,12.78129,3.81E-02,-2.15E-11,-1.98E-13,0,0.00E+00
50,8.33,11.7001,3.54E-02,-4.92E-11,-3.29E-13,0,0.00E+00
51,8.5,10.619888,3.27E-02,-2.87E-11,-2.81E-13,0,0.00E+00
52,8.67,9.540572,3.00E-02,-2.52E-11,-2.87E-13,0,0.00E+00
53,8.84,8.462071,2.73E-02,-2.94E-11,-3.31E-13,0,0.00E+00
54,9.01,7.384303,2.46E-02,-3.98E-11,-3.59E-13,0,0.00E+00
55,9.18,6.13765,2.15E-02,-4.09E-11,-3.63E-13,0,0.00E+00
56,9.35,4.579457,1.76E-02,-3.63E-11,-3.61E-13,0,0.00E+00
57,9.52,3.02219,1.38E-02,-4.39E-11,-3.97E-13,0,0.00E+00
58,9.69,1.465607,9.86E-03,-4.20E-11,-3.59E-13,0,0.00E+00
59,9.86,-9.05E-02,5.97E-03,-3.37E-11,-3.35E-13,0,0.00E+00
60,10.03,-1.620594,2.08E-03,-1.19E-10,-3.41E-13,0,0.00E+00
61,10.2,-3.249377,-2.22E-03,-3.44E-11,-1.38E-13,0,0.00E+00
62,10.37,-4.98297,-6.98E-03,-3.30E-11,-1.36E-13,0,0.00E+00
63,10.54,-6.649305,-1.17E-02,-2.94E-11,-1.06E-13,0,0.00E+00
64,10.71,-8.253318,-1.65E-02,-1.58E-11,-6.85E-14,0,0.00E+00
65,10.88,-9.799415,-2.12E-02,-7.32E-12,-1.64E-14,0,0.00E+00
66,11.05,-11.291545,-2.60E-02,8.77E-13,8.25E-15,0,0.00E+00
67,11.22,-12.795657,-3.10E-02,-2.45E-12,2.94E-15,0,0.00E+00
68,11.39,-14.290863,-3.61E-02,-1.98E-11,-9.82E-14,0,0.00E+00
69,11.56,-15.735304,-4.12E-02,-1.45E-11,-1.01E-13,0,0.00E+00
70,11.73,-17.132252,-4.63E-02,-3.90E-11,-2.08E-13,0,0.00E+00
71,11.9,-18.484687,-5.14E-02,-2.95E-11,-3.87E-13,0,0.00E+00
72,12.07,-19.795324,-5.66E-02,-8.15E-11,-5.45E-13,0,0.00E+00
73,12.24,-21.020642,-6.15E-02,-6.18E-11,-4.53E-13,0,0.00E+00
74,12.41,-22.192764,-6.63E-02,-6.47E-11,-5.25E-13,0,0.00E+00
75,12.58,-23.33336,-7.12E-02,-5.86E-11,-3.41E-13,0,0.00E+00
76,12.75,-24.444106,-7.60E-02,-3.93E-11,-5.87E-13,0,0.00E+00
77,12.92,-25.526559,-8.09E-02,-4.73E-11,-5.41E-13,0,0.00E+00
78,13.09,-26.582174,-8.57E-02,-4.35E-11,-6.17E-13,0,0.00E+00
79,13.26,-27.451034,-8.98E-02,-4.93E-11,-7.19E-13,0,0.00E+00
80,13.43,-28.268342,-9.37E-02,-9.07E-11,-7.89E-13,0,0.00E+00
81,13.6,-29.070369,-9.77E-02,-1.02E-10,-8.61E-13,0,0.00E+00
82,13.77,-29.857721,-0.101573,-7.24E-11,-8.43E-13,0,0.00E+00
83,13.94,-30.630975,-0.105491,-1.02E-10,-1.05E-12,0,0.00E+00
84,14.11,-31.390681,-0.10941,-1.14E-10,-1.09E-12,0,0.00E+00
85,14.28,-31.701621,-0.111863,-1.21E-10,-1.07E-12,0,0.00E+00
86,14.45,-31.887731,-0.114224,-1.12E-10,-1.28E-12,0,0.00E+00
87,14.62,-32.073271,-0.116586,-1.65E-10,-1.35E-12,0,0.00E+00
88,14.79,-32.258113,-0.118948,-1.48E-10,-1.48E-12,0,0.00E+00
89,14.96,-32.442269,-0.121309,-1.86E-10,-1.45E-12,0,0.00E+00
90,15.13,-32.625753,-0.123553,-1.54E-10,-1.39E-12,0,0.00E+00
91,15.3,-32.777328,-0.123857,-1.60E-10,-1.58E-12,0,0.00E+00
92,15.47,-32.800648,-0.124161,-1.98E-10,-1.71E-12,0,0.00E+00
93,15.64,-32.824125,-0.124465,-2.09E-10,-1.62E-12,0,0.00E+00
94,15.81,-32.847592,-0.124769,-1.82E-10,-1.59E-12,0,0.00E+00
95,15.98,-32.871048,-0.125073,-1.89E-10,-1.61E-12,0,0.00E+00
96,16.15,-32.894493,-0.124965,-1.89E-10,-1.61E-12,0,0.00E+00
97,16.32,-32.701321,-0.122914,-1.92E-10,-1.58E-12,0,0.00E+00
98,16.49,-32.342016,-0.120864,-1.82E-10,-1.62E-12,0,0.00E+00
99,16.66,-31.983764,-0.118814,-2.00E-10,-1.61E-12,0,0.00E+00
100,16.83,-31.626056,-0.116764,-1.86E-10,-1.53E-12,0,0.00E+00
101,17,-31.268886,-0.114714,-1.71E-10,-1.59E-12,0,0.00E+00
102,17.17,-30.366868,-0.111963,-2.01E-10,-1.60E-12,0,0.00E+00
103,17.34,-28.511767,-0.107524,-1.96E-10,-1.62E-12,0,0.00E+00
104,17.51,-26.664282,-0.103085,-1.73E-10,-1.43E-12,0,0.00E+00
105,17.68,-24.824013,-9.86E-02,-1.64E-10,-1.48E-12,0,0.00E+00
106,17.85,-22.990565,-9.42E-02,-2.40E-10,-1.88E-12,0,0.00E+00
107,18.02,-21.163546,-8.98E-02,-1.99E-10,-1.69E-12,0,0.00E+00
108,18.19,-18.98146,-8.44E-02,-2.30E-10,-1.78E-12,0,0.00E+00
109,18.36,-16.291098,-7.79E-02,-2.48E-10,-1.94E-12,0,0.00E+00
110,18.53,-13.611776,-7.13E-02,-2.76E-10,-2.02E-12,0,0.00E+00
111,18.7,-10.942261,-6.47E-02,-2.76E-10,-1.97E-12,0,0.00E+00
112,18.87,-8.281329,-5.81E-02,-2.58E-10,-1.94E-12,0,0.00E+00
113,19.04,-5.627766,-5.15E-02,-2.43E-10,-1.91E-12,0,0.00E+00
114,19.21,-2.63554,-4.41E-02,-2.46E-10,-1.83E-12,0,0.00E+00
115,19.38,0.65796,-3.58E-02,-2.34E-10,-1.76E-12,0,0.00E+00
116,19.55,3.83755,-2.76E-02,-2.03E-10,-1.64E-12,0,0.00E+00
117,19.72,6.794957,-1.94E-02,-1.87E-10,-1.63E-12,0,0.00E+00
118,19.89,9.558182,-1.12E-02,-1.88E-10,-1.65E-12,0,0.00E+00
119,20.06,12.150334,-2.98E-03,-1.77E-10,-1.66E-12,0,0.00E+00
120,20.23,14.751381,5.80E-03,-1.65E-10,-1.67E-12,0,0.00E+00
121,20.4,17.281583,1.49E-02,-1.55E-10,-1.69E-12,0,0.00E+00
122,20.57,19.665338,2.40E-02,-1.48E-10,-1.70E-12,0,0.00E+00
123,20.74,21.918085,3.31E-02,-1.38E-10,-1.69E-12,0,0.00E+00
124,20.91,24.053055,4.21E-02,-1.34E-10,-1.75E-12,0,0.00E+00
125,21.08,26.081691,5.12E-02,-1.41E-10,-1.73E-12,0,0.00E+00
126,21.25,28.003451,6.03E-02,-1.16E-10,-1.62E-12,0,0.00E+00
127,21.42,29.83546,6.93E-02,-9.77E-11,-1.66E-12,0,0.00E+00
128,21.59,31.588759,7.83E-02,-1.32E-10,-1.80E-12,0,0.00E+00
129,21.76,33.270144,8.73E-02,-9.20E-11,-1.70E-12,0,0.00E+00
130,21.93,34.885715,9.64E-02,-8.24E-11,-1.65E-12,0,0.00E+00
131,22.1,36.440973,0.105383,-9.16E-11,-1.92E-12,0,0.00E+00
132,22.27,37.786259,0.113462,-1.60E-10,-2.09E-12,0,0.00E+00
133,22.44,39.070195,0.121413,-1.55E-10,-2.09E-12,0,0.00E+00
134,22.61,40.317243,0.129364,-1.30E-10,-2.13E-12,0,0.00E+00
135,22.78,41.530079,0.137316,-1.17E-10,-1.81E-12,0,0.00E+00
136,22.95,42.711193,0.145267,5.50E-11,-4.34E-13,0,0.00E+00
137,23.12,43.862907,0.153219,1.71E-10,-1.63E-13,0,0.00E+00
138,23.29,44.57669,0.159131,1.54E-10,-3.42E-13,0,0.00E+00
139,23.46,45.403342,0.16504,1.84E-10,-7.07E-13,0,0.00E+00
140,23.63,46.216516,0.17095,-3.85E-11,-1.75E-12,0,0.00E+00
141,23.8,46.54973,0.176857,-2.61E-10,-1.35E-12,0,0.00E+00
142,23.97,46.881785,0.182769,-6.52E-11,-5.04E-13,0,0.00E+00
143,24.14,47.213097,0.188348,2.73E-12,-6.92E-14,0,0.00E+00
144,24.31,47.480203,0.191396,5.52E-11,9.72E-14,0,0.00E+00
145,24.48,47.650199,0.194444,5.97E-11,2.18E-13,0,0.00E+00
146,24.65,47.820164,0.197492,9.03E-11,2.41E-14,0,0.00E+00
147,24.82,47.990024,0.20054,3.17E-11,-3.03E-13,0,0.00E+00
148,24.99,48.159796,0.203588,3.07E-12,-3.59E-13,0,0.00E+00
149,25.16,48.329497,0.205834,1.79E-11,5.66E-15,0,0.00E+00
150,25.33,48.346684,0.205453,9.07E-11,2.11E-13,0,0.00E+00
151,25.5,48.274205,0.205071,9.34E-11,4.15E-13,0,0.00E+00
152,25.67,48.201766,0.204689,1.52E-10,5.71E-13,0,0.00E+00
153,25.84,48.12936,0.204308,1.57E-10,5.62E-13,0,0.00E+00
154,26.01,48.056986,0.203926,1.51E-10,5.00E-13,0,0.00E+00
155,26.18,47.984644,0.202259,1.37E-10,4.86E-13,0,0.00E+00
156,26.35,47.222445,0.19822,1.42E-10,1.85E-13,0,0.00E+00
157,26.52,46.462493,0.19418,4.90E-11,1.49E-13,0,0.00E+00
158,26.69,45.705986,0.190141,1.04E-10,5.90E-13,0,0.00E+00
159,26.86,44.952846,0.186101,1.95E-10,5.98E-13,0,0.00E+00
160,27.03,44.203001,0.182062,1.33E-10,3.07E-13,0,0.00E+00
161,27.2,41.678565,0.176383,1.25E-10,5.67E-13,0,0.00E+00
162,27.37,38.361359,0.168849,1.56E-10,7.08E-13,0,0.00E+00
163,27.54,35.077898,0.161316,2.26E-10,8.03E-13,0,0.00E+00
164,27.71,31.826006,0.153782,2.71E-10,9.95E-13,0,0.00E+00
165,27.88,28.603557,0.146248,2.52E-10,1.07E-12,0,0.00E+00
166,28.05,25.408471,0.138714,3.00E-10,1.28E-12,0,0.00E+00
167,28.22,21.512722,0.129446,2.74E-10,1.29E-12,0,0.00E+00
168,28.39,17.145816,0.118959,2.84E-10,1.31E-12,0,0.00E+00
169,28.56,12.817952,0.108471,3.05E-10,1.39E-12,0,0.00E+00
170,28.73,8.523973,9.80E-02,3.07E-10,1.35E-12,0,0.00E+00
171,28.9,4.258819,8.75E-02,3.06E-10,1.40E-12,0,0.00E+00
172,29.07,1.75E-02,7.70E-02,2.76E-10,1.20E-12,0,0.00E+00
173,29.24,-4.676215,6.51E-02,2.89E-10,1.36E-12,0,0.00E+00
174,29.41,-9.123522,5.25E-02,2.51E-10,1.31E-12,0,0.00E+00
175,29.58,-13.136399,4.00E-02,2.34E-10,1.45E-12,0,0.00E+00
176,29.75,-16.788099,2.74E-02,1.99E-10,1.29E-12,0,0.00E+00
177,29.92,-20.134708,1.49E-02,1.83E-10,1.33E-12,0,0.00E+00
178,30.09,-23.220341,2.35E-03,1.73E-10,1.36E-12,0,0.00E+00
179,30.26,-26.23652,-1.09E-02,1.61E-10,1.38E-12,0,0.00E+00
180,30.43,-29.066249,-2.43E-02,1.51E-10,1.43E-12,0,0.00E+00
181,30.6,-31.702234,-3.77E-02,1.51E-10,1.49E-12,0,0.00E+00
182,30.77,-34.168786,-5.12E-02,1.44E-10,1.45E-12,0,0.00E+00
183,30.94,-36.486502,-6.46E-02,1.46E-10,1.57E-12,0,0.00E+00
184,31.11,-38.673042,-7.80E-02,9.63E-11,1.66E-12,0,0.00E+00
185,31.28,-40.674391,-9.10E-02,1.67E-10,1.87E-12,0,0.00E+00
186,31.45,-42.575564,-0.103887,1.44E-10,1.70E-12,0,0.00E+00
187,31.62,-44.391879,-0.116817,1.40E-10,1.75E-12,0,0.00E+00
188,31.79,-46.132857,-0.129748,1.31E-10,1.97E-12,0,0.00E+00
189,31.96,-47.80707,-0.142679,6.15E-11,1.85E-12,0,0.00E+00
190,32.13,-49.409011,-0.155502,8.07E-11,2.51E-12,0,0.00E+00
191,32.3,-50.748478,-0.166554,2.11E-10,2.64E-12,0,0.00E+00
192,32.47,-52.054082,-0.177606,1.61E-10,2.27E-12,0,0.00E+00
193,32.64,-53.329638,-0.188659,6.32E-11,2.20E-12,0,0.00E+00
194,32.81,-54.578718,-0.199712,-1.58E-11,1.72E-12,0,0.00E+00
195,32.98,-55.804681,-0.210765,-6.86E-11,1.76E-12,0,0.00E+00
196,33.15,-56.950919,-0.221265,-5.76E-11,1.44E-12,0,0.00E+00
197,33.32,-57.611564,-0.229167,-1.80E-10,1.20E-12,0,0.00E+00
198,33.49,-57.964491,-0.237064,-1.44E-10,1.20E-12,0,0.00E+00
199,33.66,-58.318928,-0.244967,-1.55E-10,1.47E-12,0,0.00E+00
200,33.83,-58.675746,-0.252869,-8.24E-11,1.47E-12,0,0.00E+00
201,34,-59.035197,-0.260772,-1.13E-10,1.51E-12,0,0.00E+00
202,34.17,-59.397536,-0.267457,-9.22E-11,1.19E-12,0,0.00E+00
203,34.34,-59.56993,-0.271191,-1.52E-10,3.87E-13,0,0.00E+00
204,34.51,-59.742945,-0.274925,-2.65E-10,-1.68E-13,0,0.00E+00
205,34.68,-59.916717,-0.278659,-3.03E-10,5.85E-13,0,0.00E+00
206,34.85,-60.091274,-0.282393,-8.16E-11,8.01E-13,0,0.00E+00
207,35.02,-60.266642,-0.286127,-1.44E-10,4.60E-13,0,0.00E+00
208,35.19,-60.442848,-0.287892,-2.04E-10,4.97E-13,0,0.00E+00
209,35.36,-60.219416,-0.286825,-1.91E-10,3.96E-13,0,0.00E+00
210,35.53,-59.995553,-0.285758,-2.31E-10,1.58E-13,0,0.00E+00
211,35.7,-59.772049,-0.284691,-2.76E-10,2.25E-13,0,0.00E+00
212,35.87,-59.5489,-0.283624,-2.24E-10,4.01E-13,0,0.00E+00
213,36.04,-59.326105,-0.282557,-2.06E-10,6.69E-13,0,0.00E+00
214,36.21,-59.103661,-0.27887,-1.37E-10,3.26E-13,0,0.00E+00
215,36.38,-57.855571,-0.272842,-2.91E-10,5.98E-13,0,0.00E+00
216,36.55,-56.617827,-0.266814,-9.91E-11,6.78E-13,0,0.00E+00
217,36.72,-55.390656,-0.260785,-2.10E-10,7.24E-13,0,0.00E+00
218,36.89,-54.173777,-0.254757,-1.18E-10,1.15E-12,0,0.00E+00
219,37.06,-52.966914,-0.248728,-5.42E-11,1.34E-12,0,0.00E+00
220,37.23,-48.683062,-0.239729,-8.62E-11,1.20E-12,0,0.00E+00
221,37.4,-43.713812,-0.229103,-1.12E-10,1.11E-12,0,0.00E+00
222,37.57,-38.834276,-0.218475,-8.72E-11,1.54E-12,0,0.00E+00
223,37.74,-34.03756,-0.207848,-1.06E-11,1.83E-12,0,0.00E+00
224,37.91,-29.317035,-0.19722,4.78E-11,1.70E-12,0,0.00E+00
225,38.08,-24.66632,-0.186592,-3.90E-11,1.54E-12,0,0.00E+00
226,38.25,-18.851116,-0.173094,-4.10E-11,1.61E-12,0,0.00E+00
227,38.42,-12.7523,-0.158707,-6.28E-11,1.50E-12,0,0.00E+00
228,38.59,-6.742082,-0.144319,-9.50E-11,1.23E-12,0,0.00E+00
229,38.76,-0.806755,-0.129932,-1.01E-10,8.40E-13,0,0.00E+00
230,38.93,5.00178,-0.115543,-1.60E-10,6.36E-13,0,0.00E+00
231,39.1,10.196501,-0.101151,-1.69E-10,5.02E-13,0,0.00E+00
232,39.27,15.450284,-8.46E-02,-1.74E-10,3.60E-13,0,0.00E+00
233,39.44,20.162561,-6.77E-02,-1.63E-10,2.15E-13,0,0.00E+00
234,39.61,24.359497,-5.08E-02,-2.12E-10,1.27E-14,0,0.00E+00
235,39.78,28.133625,-3.40E-02,-1.87E-10,-2.87E-14,0,0.00E+00
236,39.95,31.555412,-1.71E-02,-1.61E-10,-2.02E-14,0,0.00E+00
237,40.12,34.68108,-1.95E-04,-1.44E-10,-2.16E-14,0,0.00E+00
238,40.29,37.693929,1.76E-02,-1.30E-10,-4.24E-14,0,0.00E+00
239,40.46,40.469601,3.53E-02,-1.28E-10,-1.30E-13,0,0.00E+00
240,40.63,43.042655,5.30E-02,-1.21E-10,-1.37E-13,0,0.00E+00
241,40.8,45.4423,7.08E-02,-1.03E-10,8.45E-15,0,0.00E+00
242,40.97,47.693459,8.85E-02,-8.45E-11,1.92E-13,0,0.00E+00
243,41.14,49.805302,0.106194,-2.55E-11,3.11E-13,0,0.00E+00
244,41.31,51.72057,0.123032,1.31E-11,4.97E-13,0,0.00E+00
245,41.48,53.552831,0.13987,-8.83E-11,3.39E-13,0,0.00E+00
246,41.65,55.314943,0.156709,-1.47E-10,5.00E-13,0,0.00E+00
247,41.82,57.018574,0.173548,-1.65E-10,5.15E-14,0,0.00E+00
248,41.99,58.674395,0.190387,-1.93E-10,-2.22E-14,0,0.00E+00
249,42.16,60.23251,0.206597,-2.74E-10,-1.37E-13,0,0.00E+00
250,42.33,61.570497,0.220751,-1.82E-10,-3.80E-13,0,0.00E+00
251,42.5,62.893026,0.234905,-2.11E-10,-3.72E-13,0,0.00E+00
252,42.67,64.204967,0.249059,-8.16E-11,5.07E-14,0,0.00E+00
253,42.84,65.510975,0.263213,-2.60E-11,9.40E-13,0,0.00E+00
254,43.01,66.815515,0.277367,-1.55E-10,-1.37E-13,0,0.00E+00
255,43.18,67.716814,0.290016,-2.15E-10,-1.09E-12,0,0.00E+00
256,43.35,68.098643,0.29991,-3.86E-10,-1.52E-12,0,0.00E+00
257,43.52,68.488457,0.309804,-3.49E-10,-1.23E-12,0,0.00E+00
258,43.69,68.886554,0.319698,-2.96E-10,-7.17E-13,0,0.00E+00
259,43.86,69.293417,0.329591,-1.62E-10,-6.04E-13,0,0.00E+00
260,44.03,69.709537,0.339485,-1.95E-10,-3.14E-13,0,0.00E+00
261,44.2,70.135416,0.346814,-1.01E-10,-4.76E-13,0,0.00E+00
262,44.37,70.328365,0.351234,-1.69E-10,-1.08E-12,0,0.00E+00
263,44.54,70.523349,0.355654,-2.27E-10,-1.56E-12,0,0.00E+00
264,44.71,70.720467,0.360074,-2.80E-10,-2.01E-12,0,0.00E+00
265,44.88,70.919764,0.364494,-3.57E-10,-2.27E-12,0,0.00E+00
266,45.05,71.121288,0.368914,-3.90E-10,-2.84E-12,0,0.00E+00
267,45.22,71.325086,0.369714,-5.14E-10,-4.08E-12,0,0.00E+00
268,45.39,70.912301,0.367961,-7.55E-10,-4.47E-12,0,0.00E+00
269,45.56,70.49985,0.366209,-7.07E-10,-4.21E-12,0,0.00E+00
270,45.73,70.088681,0.364457,-6.55E-10,-4.17E-12,0,0.00E+00
271,45.9,69.67878,0.362704,-6.80E-10,-4.24E-12,0,0.00E+00
272,46.07,69.270139,0.360952,-6.81E-10,-4.95E-12,0,0.00E+00
273,46.24,68.86275,0.354786,-9.07E-10,-5.27E-12,0,0.00E+00
274,46.41,67.018615,0.346769,-8.41E-10,-5.31E-12,0,0.00E+00
275,46.58,65.201168,0.338752,-8.92E-10,-5.18E-12,0,0.00E+00
276,46.75,63.40797,0.330735,-8.07E-10,-5.06E-12,0,0.00E+00
277,46.92,61.638258,0.322718,-8.21E-10,-4.64E-12,0,0.00E+00
278,47.09,59.891282,0.314701,-6.73E-10,-4.42E-12,0,0.00E+00
279,47.26,53.365438,0.301993,-7.20E-10,-4.65E-12,0,0.00E+00
280,47.43,46.51897,0.288274,-7.25E-10,-4.13E-12,0,0.00E+00
281,47.6,39.860026,0.274554,-6.31E-10,-3.91E-12,0,0.00E+00
282,47.77,33.371747,0.260834,-6.83E-10,-4.46E-12,0,0.00E+00
283,47.94,27.038245,0.247112,-7.59E-10,-4.56E-12,0,0.00E+00
284,48.11,20.844494,0.23339,-8.18E-10,-4.75E-12,0,0.00E+00
285,48.28,12.903339,0.215379,-8.53E-10,-5.23E-12,0,0.00E+00
286,48.45,5.031156,0.197093,-9.09E-10,-5.54E-12,0,0.00E+00
287,48.62,-2.679892,0.178805,-9.29E-10,-5.56E-12,0,0.00E+00
288,48.79,-9.801544,0.160515,-7.48E-10,-5.02E-12,0,0.00E+00
289,48.96,-15.854265,0.14222,-5.93E-10,-4.76E-12,0,0.00E+00
290,49.13,-21.13502,0.123753,-4.52E-10,-4.66E-12,0,0.00E+00
291,49.3,-26.400823,0.102552,-4.51E-10,-4.89E-12,0,0.00E+00
292,49.47,-30.993944,8.13E-02,-4.04E-10,-5.00E-12,0,0.00E+00
293,49.64,-35.048392,6.01E-02,-3.64E-10,-5.04E-12,0,0.00E+00
294,49.81,-38.663753,3.89E-02,-3.20E-10,-5.14E-12,0,0.00E+00
295,49.98,-41.916661,1.77E-02,-2.97E-10,-5.28E-12,0,0.00E+00
296,50.15,-44.88793,-3.65E-03,-2.85E-10,-5.40E-12,0,0.00E+00
297,50.32,-47.690218,-2.57E-02,-2.59E-10,-5.48E-12,0,0.00E+00
298,50.49,-50.264986,-4.78E-02,-2.37E-10,-5.61E-12,0,0.00E+00
299,50.66,-52.650606,-6.99E-02,-2.23E-10,-5.84E-12,0,0.00E+00
300,50.83,-54.879818,-9.20E-02,-2.50E-10,-6.13E-12,0,0.00E+00
301,51,-56.981006,-0.114057,-2.05E-10,-5.61E-12,0,0.00E+00
302,51.17,-58.944492,-0.135749,-8.57E-11,-5.12E-12,0,0.00E+00
303,51.34,-60.748782,-0.156496,7.97E-11,-5.10E-12,0,0.00E+00
304,51.51,-62.498228,-0.177243,6.27E-11,-4.53E-12,0,0.00E+00
305,51.68,-64.208223,-0.19799,2.34E-10,-4.50E-12,0,0.00E+00
306,51.85,-65.893051,-0.218737,2.67E-10,-4.94E-12,0,0.00E+00
307,52.02,-67.566104,-0.239484,1.93E-11,-4.67E-12,0,0.00E+00
308,52.19,-69.124202,-0.258798,2.34E-10,-4.56E-12,0,0.00E+00
309,52.36,-70.524784,-0.276053,2.92E-10,-2.63E-12,0,0.00E+00
310,52.53,-71.940525,-0.293308,6.44E-10,-2.19E-12,0,0.00E+00
311,52.7,-73.377986,-0.310563,4.86E-10,-1.40E-12,0,0.00E+00
312,52.87,-74.843593,-0.327818,5.76E-10,-5.33E-13,0,0.00E+00
313,53.04,-76.343678,-0.345072,5.87E-10,-4.56E-13,0,0.00E+00
314,53.21,-77.315897,-0.35948,5.24E-10,-6.79E-13,0,0.00E+00
315,53.38,-77.764686,-0.371365,4.64E-10,-2.98E-13,0,0.00E+00
316,53.55,-78.231244,-0.38325,5.15E-10,2.07E-13,0,0.00E+00
317,53.72,-78.71626,-0.395135,5.51E-10,4.48E-13,0,0.00E+00
318,53.89,-79.220652,-0.407019,5.66E-10,1.08E-12,0,0.00E+00
319,54.06,-79.74537,-0.418904,6.58E-10,1.34E-12,0,0.00E+00
320,54.23,-80.291389,-0.426415,6.17E-10,1.47E-12,0,0.00E+00
321,54.4,-80.53021,-0.431521,6.53E-10,1.48E-12,0,0.00E+00
322,54.57,-80.773231,-0.436627,6.34E-10,1.54E-12,0,0.00E+00
323,54.74,-81.020499,-0.441733,6.40E-10,1.77E-12,0,0.00E+00
324,54.91,-81.272096,-0.446839,6.96E-10,1.48E-12,0,0.00E+00
325,55.08,-81.528109,-0.451945,6.18E-10,1.57E-12,0,0.00E+00
326,55.25,-81.788622,-0.451295,6.86E-10,1.01E-12,0,0.00E+00
327,55.42,-81.135567,-0.448858,5.33E-10,6.80E-13,0,0.00E+00
328,55.59,-80.484754,-0.446421,5.30E-10,7.46E-13,0,0.00E+00
329,55.76,-79.837121,-0.443984,5.54E-10,4.43E-13,0,0.00E+00
330,55.93,-79.192634,-0.441546,4.34E-10,1.30E-13,0,0.00E+00
331,56.1,-78.551265,-0.439109,4.14E-10,9.89E-14,0,0.00E+00
332,56.27,-74.688129,-0.430019,4.00E-10,-5.35E-14,0,0.00E+00
333,56.44,-72.144518,-0.420014,3.57E-10,-3.70E-15,0,0.00E+00
334,56.61,-69.641288,-0.41001,4.02E-10,-2.46E-13,0,0.00E+00
335,56.78,-67.184654,-0.400005,2.91E-10,-5.31E-13,0,0.00E+00
336,56.95,-64.772845,-0.389999,2.77E-10,-1.15E-12,0,0.00E+00
337,57.12,-62.404177,-0.379994,8.81E-11,-1.51E-12,0,0.00E+00
338,57.29,-53.126212,-0.363186,8.78E-11,-1.96E-12,0,0.00E+00
339,57.46,-44.219072,-0.346376,-1.60E-10,-2.85E-12,0,0.00E+00
340,57.63,-35.644991,-0.329565,-2.62E-10,-3.57E-12,0,0.00E+00
341,57.8,-27.369233,-0.312752,-3.61E-10,-4.08E-12,0,0.00E+00
342,57.97,-19.359745,-0.295937,-2.83E-10,-3.86E-12,0,0.00E+00
343,58.14,-11.302153,-0.278497,-3.41E-10,-4.05E-12,0,0.00E+00
344,58.31,-1.372804,-0.256313,-3.45E-10,-4.44E-12,0,0.00E+00
345,58.48,8.09172,-0.234126,-3.47E-10,-4.51E-12,0,0.00E+00
346,58.65,16.003077,-0.211932,-2.96E-10,-4.83E-12,0,0.00E+00
347,58.82,22.576974,-0.189731,-2.77E-10,-4.78E-12,0,0.00E+00
348,58.99,28.158206,-0.167525,-2.12E-10,-4.84E-12,0,0.00E+00
349,59.16,33.128585,-0.144537,-2.24E-10,-5.06E-12,0,0.00E+00
350,59.33,37.894077,-0.119001,-2.49E-10,-5.88E-12,0,0.00E+00
351,59.5,42.027541,-9.35E-02,-2.43E-10,-6.05E-12,0,0.00E+00
352,59.67,45.6538,-6.79E-02,-2.14E-10,-6.01E-12,0,0.00E+00
353,59.84,48.868156,-4.24E-02,-2.04E-10,-6.27E-12,0,0.00E+00
354,60.01,51.74573,-1.68E-02,-2.40E-10,-6.60E-12,0,0.00E+00
355,60.18,54.376892,9.02E-03,-2.18E-10,-6.68E-12,0,0.00E+00
356,60.35,56.827608,3.54E-02,-1.85E-10,-6.76E-12,0,0.00E+00
357,60.52,59.084734,6.19E-02,-1.98E-10,-7.09E-12,0,0.00E+00
358,60.69,61.188581,8.83E-02,-1.94E-10,-6.83E-12,0,0.00E+00
359,60.86,63.174393,0.114683,-6.25E-11,-6.74E-12,0,0.00E+00
360,61.03,65.073508,0.1411,-4.31E-11,-7.17E-12,0,0.00E+00
361,61.2,66.857274,0.16669,-1.51E-10,-7.49E-12,0,0.00E+00
362,61.37,68.546119,0.191346,-2.74E-10,-8.15E-12,0,0.00E+00
363,61.54,70.225796,0.216001,-4.45E-10,-8.55E-12,0,0.00E+00
364,61.71,71.914959,0.240656,-3.36E-10,-7.57E-12,0,0.00E+00
365,61.88,73.631448,0.265311,-4.16E-10,-8.64E-12,0,0.00E+00
366,62.05,75.392511,0.289966,-4.28E-10,-1.04E-11,0,0.00E+00
367,62.22,77.025264,0.312098,-6.00E-10,-1.08E-11,0,0.00E+00
368,62.39,78.580998,0.332454,-6.34E-10,-1.23E-11,0,0.00E+00
369,62.56,80.198087,0.352809,-6.60E-10,-1.31E-11,0,0.00E+00
370,62.73,81.885853,0.373164,-5.95E-10,-1.23E-11,0,0.00E+00
371,62.9,83.653685,0.393519,-3.05E-10,-1.09E-11,0,0.00E+00
372,63.07,85.511089,0.413873,1.04E-10,-1.13E-11,0,0.00E+00
373,63.24,86.309619,0.42965,-4.76E-10,-1.15E-11,0,0.00E+00
374,63.41,86.883381,0.443526,-3.42E-10,-1.04E-11,0,0.00E+00
375,63.58,87.48989,0.457401,-1.88E-10,-8.90E-12,0,0.00E+00
376,63.75,88.130758,0.471276,5.08E-11,-7.52E-12,0,0.00E+00
377,63.92,88.807723,0.485151,1.97E-10,-7.28E-12,0,0.00E+00
378,64.09,89.5226,0.499025,1.26E-10,-7.76E-12,0,0.00E+00
379,64.26,90.277285,0.50626,1.38E-11,-7.87E-12,0,0.00E+00
380,64.43,90.59755,0.512052,9.23E-11,-7.01E-12,0,0.00E+00
381,64.6,90.925378,0.517843,3.01E-10,-6.43E-12,0,0.00E+00
382,64.77,91.260681,0.523635,4.08E-10,-6.21E-12,0,0.00E+00
383,64.94,91.603612,0.529426,4.66E-10,-6.35E-12,0,0.00E+00
384,65.11,91.954326,0.535218,4.44E-10,-6.89E-12,0,0.00E+00
385,65.28,92.312983,0.532635,3.27E-10,-7.07E-12,0,0.00E+00
386,65.45,91.353511,0.529513,3.83E-10,-7.11E-12,0,0.00E+00
387,65.62,90.400325,0.526391,3.34E-10,-7.69E-12,0,0.00E+00
388,65.79,89.453711,0.523269,1.70E-10,-7.08E-12,0,0.00E+00
389,65.96,88.513591,0.520147,5.04E-10,-6.56E-12,0,0.00E+00
390,66.13,87.579892,0.516515,4.54E-10,-6.96E-12,0,0.00E+00
391,66.3,81.594157,0.504544,2.92E-10,-6.44E-12,0,0.00E+00
392,66.47,78.182426,0.492552,5.90E-10,-6.06E-12,0,0.00E+00
393,66.64,74.843798,0.480561,5.25E-10,-6.24E-12,0,0.00E+00
394,66.81,71.586675,0.468568,5.22E-10,-6.31E-12,0,0.00E+00
395,66.98,68.407467,0.456576,5.12E-10,-5.94E-12,0,0.00E+00
396,67.15,62.297723,0.443194,5.29E-10,-6.33E-12,0,0.00E+00
397,67.32,50.526294,0.423297,5.47E-10,-6.42E-12,0,0.00E+00
398,67.49,39.362354,0.403397,4.13E-10,-6.69E-12,0,0.00E+00
399,67.66,28.734546,0.383494,4.35E-10,-6.98E-12,0,0.00E+00
400,67.83,18.578913,0.363589,4.64E-10,-6.24E-12,0,0.00E+00
401,68,8.837721,0.343682,6.20E-10,-5.49E-12,0,0.00E+00
402,68.17,-1.37685,0.321965,6.53E-10,-5.36E-12,0,0.00E+00
403,68.34,-12.446105,0.295878,7.21E-10,-4.41E-12,0,0.00E+00
404,68.51,-21.193279,0.26978,5.47E-10,-4.48E-12,0,0.00E+00
405,68.68,-28.306316,0.243674,3.09E-10,-5.70E-12,0,0.00E+00
406,68.85,-34.22977,0.217561,1.17E-10,-6.62E-12,0,0.00E+00
407,69.02,-39.247047,0.191444,-6.10E-11,-7.35E-12,0,0.00E+00
408,69.19,-43.787005,0.163785,-7.80E-11,-8.14E-12,0,0.00E+00
409,69.36,-47.983013,0.133914,-2.92E-10,-9.46E-12,0,0.00E+00
410,69.53,-51.594553,0.10404,-3.10E-10,-9.51E-12,0,0.00E+00
411,69.7,-54.738332,7.42E-02,-2.76E-10,-9.84E-12,0,0.00E+00
412,69.87,-57.505957,4.43E-02,-2.67E-10,-1.03E-11,0,0.00E+00
413,70.04,-59.971506,1.44E-02,-2.56E-10,-1.05E-11,0,0.00E+00
414,70.21,-62.228923,-1.59E-02,-2.17E-10,-1.07E-11,0,0.00E+00
415,70.38,-64.319619,-4.67E-02,-1.61E-10,-1.06E-11,0,0.00E+00
416,70.55,-66.260784,-7.74E-02,-7.47E-11,-1.07E-11,0,0.00E+00
417,70.72,-68.095796,-0.10818,-7.48E-11,-1.08E-11,0,0.00E+00
418,70.89,-69.863658,-0.13893,-1.62E-11,-1.07E-11,0,0.00E+00
419,71.06,-71.60009,-0.16968,2.03E-10,-9.14E-12,0,0.00E+00
420,71.23,-73.25808,-0.199018,5.62E-10,-7.66E-12,0,0.00E+00
421,71.4,-74.899991,-0.227582,7.15E-10,-7.31E-12,0,0.00E+00
422,71.57,-76.593792,-0.256145,6.85E-10,-7.72E-12,0,0.00E+00
423,71.74,-78.363222,-0.284708,5.49E-10,-8.17E-12,0,0.00E+00
424,71.91,-80.231721,-0.313271,6.01E-10,-6.71E-12,0,0.00E+00
425,72.08,-82.222689,-0.341833,1.27E-09,-4.21E-12,0,0.00E+00
426,72.25,-84.058715,-0.366497,1.19E-09,-5.54E-12,0,0.00E+00
427,72.42,-85.919958,-0.389952,8.22E-10,-6.98E-12,0,0.00E+00
428,72.59,-87.907299,-0.413408,1.02E-09,-6.30E-12,0,0.00E+00
429,72.76,-90.034718,-0.436862,1.05E-09,-4.85E-12,0,0.00E+00
430,72.93,-92.316664,-0.460316,1.55E-09,-2.81E-12,0,0.00E+00
431,73.1,-94.768154,-0.483769,1.60E-09,-1.24E-12,0,0.00E+00
432,73.27,-95.837925,-0.500519,2.05E-09,-4.77E-13,0,0.00E+00
433,73.44,-96.606743,-0.516385,1.90E-09,-8.22E-13,0,0.00E+00
434,73.61,-97.431504,-0.53225,1.81E-09,-6.08E-13,0,0.00E+00
435,73.78,-98.315075,-0.548115,1.80E-09,-4.47E-13,0,0.00E+00
436,73.95,-99.260712,-0.56398,1.68E-09,-5.97E-13,0,0.00E+00
437,74.12,-100.271869,-0.579844,1.63E-09,-5.44E-13,0,0.00E+00
438,74.29,-101.352211,-0.586341,1.59E-09,2.73E-13,0,0.00E+00
439,74.46,-101.797858,-0.592818,1.70E-09,1.56E-12,0,0.00E+00
440,74.63,-102.25644,-0.599295,1.93E-09,2.78E-12,0,0.00E+00
441,74.8,-102.727475,-0.605772,2.06E-09,3.57E-12,0,0.00E+00
442,74.97,-103.211246,-0.612249,2.15E-09,3.78E-12,0,0.00E+00
443,75.14,-103.708045,-0.617533,2.10E-09,4.54E-12,0,0.00E+00
444,75.31,-103.894826,-0.613727,2.29E-09,5.39E-12,0,0.00E+00
445,75.48,-102.545487,-0.609921,2.42E-09,6.20E-12,0,0.00E+00
446,75.65,-101.206956,-0.606115,2.62E-09,5.88E-12,0,0.00E+00
447,75.82,-99.880646,-0.602308,2.35E-09,5.20E-12,0,0.00E+00
448,75.99,-98.566376,-0.598502,2.28E-09,5.30E-12,0,0.00E+00
449,76.16,-97.263978,-0.592321,2.35E-09,4.80E-12,0,0.00E+00
450,76.33,-93.267003,-0.578344,2.10E-09,4.71E-12,0,0.00E+00
451,76.5,-88.717487,-0.564366,2.21E-09,5.20E-12,0,0.00E+00
452,76.67,-84.314877,-0.550388,2.28E-09,5.48E-12,0,0.00E+00
453,76.84,-80.048114,-0.536409,2.30E-09,5.54E-12,0,0.00E+00
454,77.01,-75.910425,-0.52243,2.27E-09,5.05E-12,0,0.00E+00
455,77.18,-67.345727,-0.505273,2.15E-09,5.35E-12,0,0.00E+00
456,77.35,-52.543822,-0.48229,2.32E-09,6.05E-12,0,0.00E+00
457,77.52,-38.705827,-0.459301,2.36E-09,6.61E-12,0,0.00E+00
458,77.69,-25.702956,-0.436309,2.51E-09,7.60E-12,0,0.00E+00
459,77.86,-13.423021,-0.413313,2.32E-09,7.15E-12,0,0.00E+00
460,78.03,-1.767303,-0.390314,2.34E-09,8.15E-12,0,0.00E+00
461,78.2,10.414744,-0.364035,2.13E-09,8.71E-12,0,0.00E+00
462,78.37,21.214978,-0.334039,1.76E-09,9.52E-12,0,0.00E+00
463,78.54,29.679167,-0.304032,1.18E-09,8.27E-12,0,0.00E+00
464,78.71,36.525027,-0.274016,1.14E-09,9.08E-12,0,0.00E+00
465,78.88,42.178746,-0.243994,9.85E-10,9.38E-12,0,0.00E+00
466,79.05,46.918947,-0.213967,8.65E-10,9.40E-12,0,0.00E+00
467,79.22,51.24128,-0.181488,7.00E-10,9.07E-12,0,0.00E+00
468,79.39,55.08039,-0.147283,3.98E-10,7.60E-12,0,0.00E+00
469,79.56,58.341994,-0.113075,2.42E-11,5.90E-12,0,0.00E+00
470,79.73,61.146939,-7.89E-02,-9.08E-11,5.96E-12,0,0.00E+00
471,79.9,63.591706,-4.47E-02,4.55E-12,6.30E-12,0,0.00E+00
472,80.07,65.755682,-1.04E-02,3.13E-12,6.36E-12,0,0.00E+00
473,80.24,67.739176,2.44E-02,-6.13E-12,6.38E-12,0,0.00E+00
474,80.41,69.575415,5.95E-02,-2.87E-11,6.20E-12,0,0.00E+00
475,80.58,71.30439,9.46E-02,-5.66E-11,6.63E-12,0,0.00E+00
476,80.75,72.976048,0.129633,4.42E-12,6.08E-12,0,0.00E+00
477,80.92,74.63645,0.164716,-7.28E-11,6.41E-12,0,0.00E+00
478,81.09,76.328912,0.199798,9.42E-11,6.89E-12,0,0.00E+00
479,81.26,77.984032,0.232734,2.48E-10,7.66E-12,0,0.00E+00
480,81.43,79.711928,0.265205,1.94E-10,6.90E-12,0,0.00E+00
481,81.6,81.567171,0.297676,-3.53E-10,4.40E-12,0,0.00E+00
482,81.77,83.581658,0.330146,-1.97E-10,5.64E-12,0,0.00E+00
483,81.94,85.787791,0.362615,-1.27E-10,3.90E-12,0,0.00E+00
484,82.11,88.21887,0.395083,-3.27E-10,5.56E-12,0,0.00E+00
485,82.28,90.429138,0.421994,1.23E-10,7.63E-12,0,0.00E+00
486,82.45,92.805051,0.448548,1.78E-11,5.79E-12,0,0.00E+00
487,82.62,95.395244,0.475102,-2.89E-10,4.14E-12,0,0.00E+00
488,82.79,98.221466,0.501655,-5.88E-10,4.63E-12,0,0.00E+00
489,82.96,101.306726,0.528206,-2.45E-10,6.02E-12,0,0.00E+00
490,83.13,104.609287,0.554254,4.94E-10,8.74E-12,0,0.00E+00
491,83.3,105.995678,0.572087,1.18E-09,1.01E-11,0,0.00E+00
492,83.47,107.062289,0.589943,1.12E-09,1.12E-11,0,0.00E+00
493,83.64,108.219827,0.607797,1.37E-09,1.18E-11,0,0.00E+00
494,83.81,109.473554,0.625651,1.36E-09,1.21E-11,0,0.00E+00
495,83.98,110.829576,0.643505,1.35E-09,1.26E-11,0,0.00E+00
496,84.15,112.294471,0.659493,1.43E-09,1.16E-11,0,0.00E+00
497,84.32,113.295944,0.666659,1.16E-09,1.16E-11,0,0.00E+00
498,84.49,113.935914,0.673821,1.25E-09,1.03E-11,0,0.00E+00
499,84.66,114.596199,0.680983,8.13E-10,8.54E-12,0,0.00E+00
500,84.83,115.276736,0.688146,5.55E-10,7.02E-12,0,0.00E+00
501,85,115.978065,0.695308,2.51E-10,6.03E-12,0,0.00E+00
502,85.17,116.700738,0.69907,1.16E-10,4.96E-12,0,0.00E+00
503,85.34,114.852623,0.69458,-9.91E-11,4.80E-12,0,0.00E+00
504,85.51,113.01314,0.690091,-2.12E-11,4.32E-12,0,0.00E+00
505,85.68,111.195085,0.685601,-2.69E-10,4.03E-12,0,0.00E+00
506,85.85,109.398004,0.681111,-2.14E-10,3.78E-12,0,0.00E+00
507,86.02,107.621543,0.67662,-3.58E-10,3.51E-12,0,0.00E+00
508,86.19,105.865354,0.667428,-3.65E-10,2.53E-12,0,0.00E+00
509,86.36,99.805512,0.651467,-7.40E-10,2.22E-12,0,0.00E+00
510,86.53,93.969821,0.635504,-6.00E-10,2.28E-12,0,0.00E+00
511,86.7,88.357041,0.619541,-6.77E-10,1.08E-12,0,0.00E+00
512,86.87,82.954261,0.603576,-1.07E-09,1.17E-12,0,0.00E+00
513,87.04,77.749445,0.58761,-7.57E-10,1.25E-12,0,0.00E+00
514,87.21,62.017267,0.56631,-5.38E-10,2.23E-12,0,0.00E+00
515,87.38,44.230282,0.54024,-5.49E-10,1.89E-12,0,0.00E+00
516,87.55,27.822038,0.514163,-7.17E-10,1.21E-12,0,0.00E+00
517,87.72,12.585088,0.48808,-6.80E-10,9.28E-13,0,0.00E+00
518,87.89,-1.651198,0.461993,-5.60E-10,1.41E-12,0,0.00E+00
519,88.06,-13.543414,0.435893,-4.89E-10,1.23E-12,0,0.00E+00
520,88.23,-24.457545,0.404752,-2.06E-10,1.86E-12,0,0.00E+00
521,88.4,-33.700926,0.37084,-1.48E-10,2.18E-12,0,0.00E+00
522,88.57,-41.044183,0.336918,-1.19E-10,1.39E-12,0,0.00E+00
523,88.74,-47.002236,0.30299,-2.84E-10,4.71E-13,0,0.00E+00
524,88.91,-51.90709,0.269056,-3.04E-10,4.49E-13,0,0.00E+00
525,89.08,-55.9889,0.235118,-7.37E-11,2.65E-12,0,0.00E+00
526,89.25,-59.738395,0.197667,1.32E-10,3.76E-12,0,0.00E+00
527,89.42,-62.943679,0.159127,2.05E-10,4.28E-12,0,0.00E+00
528,89.59,-65.62861,0.120583,1.33E-10,3.57E-12,0,0.00E+00
529,89.76,-67.907777,8.20E-02,-9.53E-12,2.71E-12,0,0.00E+00
530,89.93,-69.875564,4.35E-02,-2.21E-11,3.13E-12,0,0.00E+00
531,90.1,-71.612002,4.94E-03,6.92E-11,3.32E-12,0,0.00E+00
532,90.27,-73.216747,-3.44E-02,6.46E-11,3.41E-12,0,0.00E+00
533,90.44,-74.723065,-7.38E-02,8.77E-11,3.90E-12,0,0.00E+00
534,90.61,-76.187091,-0.1132,2.07E-10,3.51E-12,0,0.00E+00
535,90.78,-77.665264,-0.152616,5.83E-11,2.36E-12,0,0.00E+00
536,90.95,-79.211339,-0.192032,-6.69E-11,2.39E-12,0,0.00E+00
537,91.12,-80.877546,-0.231446,1.33E-10,2.71E-12,0,0.00E+00
538,91.29,-82.567003,-0.26783,5.25E-11,2.17E-12,0,0.00E+00
539,91.46,-84.443638,-0.304209,1.97E-10,2.77E-12,0,0.00E+00
540,91.63,-86.549406,-0.340586,3.32E-10,3.44E-12,0,0.00E+00
541,91.8,-88.927525,-0.376962,5.17E-10,4.16E-12,0,0.00E+00
542,91.97,-91.623223,-0.413337,5.71E-10,5.13E-12,0,0.00E+00
543,92.14,-94.614498,-0.448928,5.69E-10,4.46E-12,0,0.00E+00
544,92.31,-97.408533,-0.478582,3.38E-10,3.90E-12,0,0.00E+00
545,92.48,-100.508321,-0.508235,6.98E-11,2.57E-12,0,0.00E+00
546,92.65,-103.945592,-0.537886,-2.85E-10,1.31E-12,0,0.00E+00
547,92.82,-107.754512,-0.567535,7.30E-12,4.01E-12,0,0.00E+00
548,92.99,-111.972072,-0.597182,7.56E-10,7.68E-12,0,0.00E+00
549,93.16,-116.261134,-0.624531,4.48E-10,5.96E-12,0,0.00E+00
550,93.33,-117.768857,-0.644349,-4.91E-11,7.23E-12,0,0.00E+00
551,93.5,-119.265006,-0.664193,5.77E-10,7.62E-12,0,0.00E+00
552,93.67,-120.904676,-0.684036,2.60E-10,7.47E-12,0,0.00E+00
553,93.84,-122.698182,-0.703879,4.26E-10,6.70E-12,0,0.00E+00
554,94.01,-124.657037,-0.72372,1.51E-10,5.90E-12,0,0.00E+00
555,94.18,-126.793887,-0.739359,7.07E-11,6.22E-12,0,0.00E+00
556,94.35,-127.689615,-0.747206,2.26E-10,6.53E-12,0,0.00E+00
557,94.52,-128.614738,-0.755053,2.78E-10,6.61E-12,0,0.00E+00
558,94.69,-129.571678,-0.7629,2.97E-10,7.85E-12,0,0.00E+00
559,94.86,-130.561431,-0.770747,6.42E-10,7.81E-12,0,0.00E+00
560,95.03,-131.585036,-0.778593,4.67E-10,7.35E-12,0,0.00E+00
561,95.2,-132.643576,-0.780343,4.09E-10,5.22E-12,0,0.00E+00
562,95.37,-130.145613,-0.77517,-2.42E-10,5.16E-12,0,0.00E+00
563,95.54,-127.668896,-0.769998,1.81E-10,5.39E-12,0,0.00E+00
564,95.71,-125.227723,-0.764825,-2.83E-11,6.26E-12,0,0.00E+00
565,95.88,-122.821254,-0.759651,4.71E-10,6.37E-12,0,0.00E+00
566,96.05,-120.448786,-0.754478,1.51E-10,5.46E-12,0,0.00E+00
567,96.22,-118.109635,-0.741813,-9.01E-12,6.11E-12,0,0.00E+00
568,96.39,-110.286111,-0.723868,3.38E-10,6.99E-12,0,0.00E+00
569,96.56,-102.826446,-0.705922,4.07E-10,7.27E-12,0,0.00E+00
570,96.73,-95.706245,-0.687975,4.23E-10,7.32E-12,0,0.00E+00
571,96.9,-88.903137,-0.670025,3.87E-10,8.00E-12,0,0.00E+00
572,97.07,-82.396409,-0.652075,6.26E-10,7.60E-12,0,0.00E+00
573,97.24,-61.508453,-0.626227,3.38E-10,6.80E-12,0,0.00E+00
574,97.41,-40.164023,-0.597074,7.20E-10,9.44E-12,0,0.00E+00
575,97.58,-20.77221,-0.567911,1.17E-09,1.09E-11,0,0.00E+00
576,97.75,-3.006993,-0.538739,1.18E-09,9.93E-12,0,0.00E+00
577,97.92,11.489066,-0.509551,1.13E-10,6.37E-12,0,0.00E+00
578,98.09,22.524512,-0.480346,5.58E-12,6.22E-12,0,0.00E+00
579,98.26,33.167773,-0.444062,-1.38E-10,5.51E-12,0,0.00E+00
580,98.43,41.798837,-0.406239,-1.65E-10,5.22E-12,0,0.00E+00
581,98.6,48.644759,-0.368406,-4.24E-10,3.47E-12,0,0.00E+00
582,98.77,54.160936,-0.330567,-7.04E-10,1.71E-12,0,0.00E+00
583,98.94,58.652942,-0.292723,-4.78E-10,1.98E-12,0,0.00E+00
584,99.11,62.339208,-0.254875,-3.25E-10,3.42E-12,0,0.00E+00
585,99.28,65.724851,-0.212305,-4.90E-11,4.21E-12,0,0.00E+00
586,99.45,68.495252,-0.16943,-5.18E-12,4.81E-12,0,0.00E+00
587,99.62,70.768574,-0.126552,2.18E-10,5.62E-12,0,0.00E+00
588,99.79,72.663002,-8.37E-02,3.74E-10,5.72E-12,0,0.00E+00
589,99.96,74.27814,-4.08E-02,3.11E-10,5.42E-12,0,0.00E+00
590,100.13,75.702754,2.14E-03,2.38E-10,5.36E-12,0,0.00E+00
591,100.3,77.034761,4.59E-02,1.86E-10,5.38E-12,0,0.00E+00
592,100.47,78.321099,8.96E-02,1.37E-10,5.34E-12,0,0.00E+00
593,100.64,79.631737,0.133386,7.97E-11,5.79E-12,0,0.00E+00
594,100.81,81.033705,0.177135,2.35E-10,3.82E-12,0,0.00E+00
595,100.98,82.592638,0.220882,-1.82E-10,2.81E-12,0,0.00E+00
596,101.15,84.347682,0.264023,-6.92E-11,3.49E-12,0,0.00E+00
597,101.32,86.238661,0.304309,-4.88E-10,3.06E-12,0,0.00E+00
598,101.49,88.428248,0.344595,-4.53E-10,1.75E-12,0,0.00E+00
599,101.66,90.973019,0.384878,-2.63E-10,3.40E-12,0,0.00E+00
600,101.83,93.933031,0.42516,-1.25E-10,4.23E-12,0,0.00E+00
601,102,97.372809,0.465439,2.19E-10,4.30E-12,0,0.00E+00
602,102.17,101.129238,0.503512,-3.98E-10,9.69E-13,0,0.00E+00
603,102.34,104.802812,0.536263,-4.54E-10,1.52E-12,0,0.00E+00
604,102.51,108.932968,0.569012,-1.17E-10,2.65E-12,0,0.00E+00
605,102.68,113.569065,0.601759,-1.55E-10,1.09E-12,0,0.00E+00
606,102.85,118.76543,0.634502,-8.07E-10,-4.37E-12,0,0.00E+00
607,103.02,124.582231,0.667243,-9.28E-10,-4.43E-12,0,0.00E+00
608,103.19,128.85106,0.695473,-1.13E-09,-8.24E-12,0,0.00E+00
609,103.36,130.771472,0.717306,-1.98E-09,-9.82E-12,0,0.00E+00
610,103.53,132.901303,0.739137,-1.89E-09,-9.14E-12,0,0.00E+00
611,103.7,135.256267,0.760968,-1.66E-09,-9.01E-12,0,0.00E+00
612,103.87,137.856106,0.782797,-1.70E-09,-9.32E-12,0,0.00E+00
613,104.04,140.722933,0.804625,-1.74E-09,-8.62E-12,0,0.00E+00
614,104.21,143.881613,0.819449,-1.50E-09,-7.58E-12,0,0.00E+00
615,104.38,145.179807,0.82798,-1.34E-09,-6.76E-12,0,0.00E+00
616,104.55,146.527223,0.836511,-1.15E-09,-7.12E-12,0,0.00E+00
617,104.72,147.926492,0.845041,-1.38E-09,-8.21E-12,0,0.00E+00
618,104.89,149.379594,0.853572,-1.60E-09,-7.78E-12,0,0.00E+00
619,105.06,150.888612,0.862102,-1.32E-09,-7.51E-12,0,0.00E+00
620,105.23,152.45574,0.861355,-1.40E-09,-8.26E-12,0,0.00E+00
621,105.4,149.106314,0.855501,-1.58E-09,-8.61E-12,0,0.00E+00
622,105.57,145.803186,0.849646,-1.58E-09,-8.44E-12,0,0.00E+00
623,105.74,142.5573,0.84379,-1.48E-09,-8.46E-12,0,0.00E+00
624,105.91,139.367161,0.837935,-1.53E-09,-9.41E-12,0,0.00E+00
625,106.08,136.231434,0.832079,-1.88E-09,-8.92E-12,0,0.00E+00
626,106.25,122.908853,0.815532,-1.65E-09,-8.99E-12,0,0.00E+00
627,106.42,113.244374,0.795606,-1.75E-09,-9.41E-12,0,0.00E+00
628,106.59,104.044879,0.775676,-1.77E-09,-9.61E-12,0,0.00E+00
629,106.76,95.330818,0.755745,-1.75E-09,-1.03E-11,0,0.00E+00
630,106.93,87.065561,0.735811,-1.95E-09,-1.08E-11,0,0.00E+00
631,107.1,79.216061,0.715876,-1.92E-09,-1.05E-11,0,0.00E+00
632,107.27,52.643135,0.685092,-1.70E-09,-1.02E-11,0,0.00E+00
633,107.44,27.923566,0.652854,-2.09E-09,-1.15E-11,0,0.00E+00
634,107.61,6.02048,0.620602,-1.52E-09,-1.05E-11,0,0.00E+00
635,107.78,-10.468558,0.588323,-9.28E-10,-1.06E-11,0,0.00E+00
636,107.95,-22.869144,0.556023,-5.26E-10,-8.02E-12,0,0.00E+00
637,108.12,-32.639896,0.52371,-1.84E-10,-1.02E-11,0,0.00E+00
638,108.29,-42.565514,0.481996,-7.33E-10,-1.22E-11,0,0.00E+00
639,108.46,-50.318147,0.44026,-8.46E-10,-1.54E-11,0,0.00E+00
640,108.63,-56.465947,0.398516,-1.13E-09,-1.65E-11,0,0.00E+00
641,108.8,-61.385508,0.356766,-9.84E-10,-1.63E-11,0,0.00E+00
642,108.97,-65.342808,0.315011,-7.19E-10,-1.89E-11,0,0.00E+00
643,109.14,-68.579192,0.272619,-1.21E-09,-1.98E-11,0,0.00E+00
644,109.31,-71.450851,0.225412,-1.07E-09,-2.25E-11,0,0.00E+00
645,109.48,-73.720133,0.178202,-1.15E-09,-2.49E-11,0,0.00E+00
646,109.65,-75.53,0.13099,-1.10E-09,-2.67E-11,0,0.00E+00
647,109.82,-77.00059,8.38E-02,-1.20E-09,-2.87E-11,0,0.00E+00
648,109.99,-78.236038,3.66E-02,-1.11E-09,-3.03E-11,0,0.00E+00
649,110.16,-79.333742,-1.09E-02,-9.59E-10,-3.08E-11,0,0.00E+00
650,110.33,-80.388733,-5.89E-02,-6.03E-10,-3.05E-11,0,0.00E+00
651,110.5,-81.469294,-0.107022,-1.62E-10,-2.87E-11,0,0.00E+00
652,110.67,-82.656743,-0.155103,3.52E-10,-2.66E-11,0,0.00E+00
653,110.84,-84.03123,-0.203184,8.15E-10,-2.38E-11,0,0.00E+00
654,111.01,-85.673507,-0.251263,1.37E-09,-2.31E-11,0,0.00E+00
655,111.18,-87.604481,-0.297976,1.48E-09,-2.46E-11,0,0.00E+00
656,111.35,-89.808274,-0.342169,1.49E-09,-2.35E-11,0,0.00E+00
657,111.52,-92.451577,-0.38636,1.73E-09,-2.22E-11,0,0.00E+00
658,111.69,-95.611499,-0.430549,2.08E-09,-2.24E-11,0,0.00E+00
659,111.86,-99.372011,-0.474734,2.01E-09,-1.90E-11,0,0.00E+00
660,112.03,-103.825675,-0.518917,2.52E-09,-1.73E-11,0,0.00E+00
661,112.2,-108.576749,-0.559186,2.46E-09,-1.36E-11,0,0.00E+00
662,112.37,-113.433318,-0.595033,3.21E-09,-1.46E-11,0,0.00E+00
663,112.54,-118.952448,-0.630876,2.97E-09,-1.38E-11,0,0.00E+00
664,112.71,-125.211326,-0.666716,2.98E-09,-1.28E-11,0,0.00E+00
665,112.88,-132.296884,-0.702552,2.80E-09,-1.19E-11,0,0.00E+00
666,113.05,-140.307712,-0.738383,3.13E-09,-1.08E-11,0,0.00E+00
667,113.22,-143.928354,-0.767129,2.37E-09,-9.83E-12,0,0.00E+00
668,113.39,-146.637823,-0.790949,2.40E-09,-7.63E-12,0,0.00E+00
669,113.56,-149.669228,-0.814767,2.57E-09,-5.68E-12,0,0.00E+00
670,113.73,-153.055678,-0.838583,2.63E-09,-4.49E-12,0,0.00E+00
671,113.9,-156.835128,-0.862397,2.55E-09,-3.39E-12,0,0.00E+00
672,114.07,-161.051256,-0.886209,2.54E-09,-3.13E-12,0,0.00E+00
673,114.24,-165.754609,-0.899755,2.17E-09,-3.18E-12,0,0.00E+00
674,114.41,-167.645762,-0.908969,2.11E-09,-2.92E-12,0,0.00E+00
675,114.58,-169.622589,-0.918183,2.10E-09,-2.82E-12,0,0.00E+00
676,114.75,-171.686062,-0.927396,2.01E-09,-2.86E-12,0,0.00E+00
677,114.92,-173.840308,-0.936609,1.90E-09,-3.00E-12,0,0.00E+00
678,115.09,-176.089715,-0.945822,1.75E-09,-2.77E-12,0,0.00E+00
679,115.26,-178.438962,-0.942095,1.79E-09,-3.09E-12,0,0.00E+00
680,115.43,-173.944076,-0.93556,1.65E-09,-2.57E-12,0,0.00E+00
681,115.6,-169.546229,-0.929024,2.00E-09,-2.25E-12,0,0.00E+00
682,115.77,-165.239179,-0.922488,1.91E-09,-2.38E-12,0,0.00E+00
683,115.94,-161.020381,-0.915952,1.91E-09,-2.06E-12,0,0.00E+00
684,116.11,-156.887342,-0.909415,2.05E-09,-2.22E-12,0,0.00E+00
685,116.28,-135.937115,-0.88851,1.78E-09,-2.57E-12,0,0.00E+00
686,116.45,-123.803547,-0.866604,1.77E-09,-2.61E-12,0,0.00E+00
687,116.62,-112.345446,-0.844694,1.75E-09,-3.39E-12,0,0.00E+00
688,116.79,-101.584458,-0.822781,1.42E-09,-4.12E-12,0,0.00E+00
689,116.96,-91.461155,-0.800864,1.35E-09,-4.13E-12,0,0.00E+00
690,117.13,-81.922707,-0.778172,1.40E-09,-4.38E-12,0,0.00E+00
691,117.3,-48.852099,-0.742837,8.91E-10,-5.70E-12,0,0.00E+00
692,117.47,-20.181158,-0.707518,9.49E-10,-4.72E-12,0,0.00E+00
693,117.64,1.206896,-0.672161,4.36E-10,-5.85E-12,0,0.00E+00
694,117.81,16.685949,-0.636775,4.09E-10,-4.68E-12,0,0.00E+00
695,117.98,28.617247,-0.601372,3.54E-10,-5.10E-12,0,0.00E+00
696,118.15,38.552618,-0.564167,6.53E-10,-1.55E-12,0,0.00E+00
697,118.32,48.138554,-0.518532,6.54E-10,-1.57E-12,0,0.00E+00
698,118.49,55.615994,-0.472887,9.03E-10,1.56E-13,0,0.00E+00
699,118.66,61.505462,-0.427233,9.62E-10,1.61E-12,0,0.00E+00
700,118.83,66.163375,-0.381574,6.09E-10,4.59E-12,0,0.00E+00
701,119,69.849079,-0.335909,1.09E-09,6.84E-12,0,0.00E+00
702,119.17,72.856973,-0.288522,1.23E-09,6.98E-12,0,0.00E+00
703,119.34,75.385014,-0.236981,1.01E-09,8.46E-12,0,0.00E+00
704,119.51,77.314726,-0.185438,1.21E-09,8.79E-12,0,0.00E+00
705,119.68,78.797156,-0.133892,8.16E-10,8.58E-12,0,0.00E+00
706,119.85,79.961936,-8.23E-02,7.06E-10,9.73E-12,0,0.00E+00
707,120.02,80.923803,-3.08E-02,7.49E-10,1.06E-11,0,0.00E+00
708,120.19,81.793134,2.11E-02,5.75E-10,1.07E-11,0,0.00E+00
709,120.36,82.671515,7.35E-02,3.50E-10,1.06E-11,0,0.00E+00
710,120.53,83.648936,0.12594,1.46E-10,9.51E-12,0,0.00E+00
711,120.7,84.822836,0.178354,-2.16E-10,9.13E-12,0,0.00E+00
712,120.87,86.291567,0.230766,-4.37E-10,1.01E-11,0,0.00E+00
713,121.04,88.156657,0.283177,-3.08E-10,8.58E-12,0,0.00E+00
714,121.21,90.410444,0.33331,-5.77E-10,7.60E-12,0,0.00E+00
715,121.38,93.098865,0.381409,-8.41E-10,1.02E-11,0,0.00E+00
716,121.55,96.400142,0.429505,-1.64E-10,1.07E-11,0,0.00E+00
717,121.72,100.420399,0.477598,-4.53E-11,1.01E-11,0,0.00E+00
718,121.89,105.27801,0.525686,-1.67E-10,9.77E-12,0,0.00E+00
719,122.06,111.106699,0.573769,-3.26E-10,1.04E-11,0,0.00E+00
720,122.23,117.140828,0.615949,-5.40E-10,8.97E-12,0,0.00E+00
721,122.4,123.581711,0.654889,-2.76E-10,8.68E-12,0,0.00E+00
722,122.57,130.966771,0.693825,-2.10E-10,1.03E-11,0,0.00E+00
723,122.74,139.417613,0.732755,-5.10E-11,8.49E-12,0,0.00E+00
724,122.91,149.074574,0.77168,-3.18E-10,8.17E-12,0,0.00E+00
725,123.08,160.101002,0.810597,3.98E-10,1.07E-11,0,0.00E+00
726,123.25,165.122263,0.839455,1.59E-09,1.10E-11,0,0.00E+00
727,123.42,168.864122,0.86526,1.19E-09,9.02E-12,0,0.00E+00
728,123.59,173.109384,0.891063,8.09E-10,6.83E-12,0,0.00E+00
729,123.76,177.91965,0.916862,3.43E-10,4.91E-12,0,0.00E+00
730,123.93,183.370027,0.942658,3.98E-11,3.79E-12,0,0.00E+00
731,124.1,189.549952,0.96845,-7.12E-11,3.21E-12,0,0.00E+00
732,124.27,196.566773,0.980257,-9.50E-11,3.08E-12,0,0.00E+00
733,124.44,199.314495,0.990153,-8.16E-11,2.86E-12,0,0.00E+00
734,124.61,202.218676,1.000048,-1.22E-10,2.82E-12,0,0.00E+00
735,124.78,205.272767,1.009942,-7.15E-11,3.82E-12,0,0.00E+00
736,124.95,208.485909,1.019836,3.61E-10,4.11E-12,0,0.00E+00
737,125.12,211.86792,1.029728,2.55E-10,3.57E-12,0,0.00E+00
738,125.29,215.429441,1.022539,1.20E-10,4.04E-12,0,0.00E+00
739,125.46,209.308574,1.015326,3.34E-10,4.63E-12,0,0.00E+00
740,125.63,203.391759,1.008111,4.82E-10,4.67E-12,0,0.00E+00
741,125.8,197.619438,1.000896,3.73E-10,3.99E-12,0,0.00E+00
742,125.97,191.98748,0.993681,7.28E-11,3.57E-12,0,0.00E+00
743,126.14,186.491208,0.984536,5.02E-11,3.80E-12,0,0.00E+00
744,126.31,157.699735,0.960744,9.60E-12,4.63E-12,0,0.00E+00
745,126.48,142.286529,0.936862,3.77E-10,4.97E-12,0,0.00E+00
746,126.65,127.860021,0.912974,2.22E-10,5.01E-12,0,0.00E+00
747,126.82,114.441753,0.889082,2.89E-10,5.52E-12,0,0.00E+00
748,126.99,101.934541,0.865186,4.12E-10,5.50E-12,0,0.00E+00
749,127.16,78.682914,0.837884,4.67E-10,6.14E-12,0,0.00E+00
750,127.33,40.445198,0.799511,3.81E-10,6.27E-12,0,0.00E+00
751,127.5,12.528985,0.761086,3.12E-11,4.76E-12,0,0.00E+00
752,127.67,-6.914961,0.722618,-1.93E-10,3.83E-12,0,0.00E+00
753,127.84,-21.627845,0.684127,-1.41E-10,3.10E-12,0,0.00E+00
754,128.01,-33.215521,0.64562,-3.93E-10,1.14E-12,0,0.00E+00
755,128.18,-43.384426,0.603228,-3.66E-10,7.85E-13,0,0.00E+00
756,128.35,-52.730491,0.553683,-5.39E-10,1.81E-12,0,0.00E+00
757,128.52,-60.013314,0.504129,3.36E-11,2.01E-12,0,0.00E+00
758,128.69,-65.709858,0.454566,-3.99E-11,-2.61E-13,0,0.00E+00
759,128.86,-70.159807,0.404998,1.18E-10,3.27E-13,0,0.00E+00
760,129.03,-73.618163,0.355424,-1.70E-10,5.18E-13,0,0.00E+00
761,129.2,-76.422052,0.302892,-1.14E-10,1.29E-12,0,0.00E+00
762,129.37,-78.642473,0.247018,-1.08E-10,6.57E-13,0,0.00E+00
763,129.54,-80.263727,0.191141,-3.00E-10,8.66E-13,0,0.00E+00
764,129.71,-81.447389,0.135261,-2.31E-10,7.22E-13,0,0.00E+00
765,129.88,-82.335021,7.94E-02,-2.08E-10,3.14E-13,0,0.00E+00
766,130.05,-83.054476,2.35E-02,-2.69E-10,5.65E-13,0,0.00E+00
767,130.22,-83.73084,-3.29E-02,-6.94E-11,1.13E-12,0,0.00E+00
768,130.39,-84.478897,-8.96E-02,7.83E-11,1.79E-12,0,0.00E+00
769,130.56,-85.411113,-0.146389,3.07E-10,2.80E-12,0,0.00E+00
770,130.73,-86.645151,-0.203135,3.97E-10,3.26E-12,0,0.00E+00
771,130.9,-88.302487,-0.259879,2.70E-10,3.03E-12,0,0.00E+00
772,131.07,-90.511451,-0.31662,1.45E-11,2.30E-12,0,0.00E+00
773,131.24,-93.218588,-0.370024,1.26E-11,2.58E-13,0,0.00E+00
774,131.41,-96.563024,-0.422028,-1.72E-10,9.73E-13,0,0.00E+00
775,131.58,-100.737337,-0.474028,-7.66E-11,-4.90E-13,0,0.00E+00
776,131.75,-105.887979,-0.526023,-4.48E-10,-1.43E-12,0,0.00E+00
777,131.92,-112.182276,-0.578012,-4.20E-10,-1.68E-12,0,0.00E+00
778,132.09,-119.814065,-0.629994,-4.93E-10,7.53E-13,0,0.00E+00
779,132.26,-127.451438,-0.673798,-2.24E-11,1.75E-12,0,0.00E+00
780,132.43,-135.973204,-0.715829,1.13E-10,3.18E-12,0,0.00E+00
781,132.6,-145.829694,-0.757854,-1.86E-10,5.28E-12,0,0.00E+00
782,132.77,-157.214132,-0.799871,-1.71E-10,5.68E-12,0,0.00E+00
783,132.94,-170.355654,-0.84188,-3.26E-10,2.82E-12,0,0.00E+00
784,133.11,-185.528916,-0.883878,-1.46E-09,5.02E-13,0,0.00E+00
785,133.28,-192.499484,-0.912449,-1.44E-09,-2.83E-13,0,0.00E+00
786,133.45,-197.668214,-0.940237,-1.44E-09,-1.22E-12,0,0.00E+00
787,133.62,-203.638077,-0.968021,-1.51E-09,-1.58E-12,0,0.00E+00
788,133.79,-210.528787,-0.9958,-1.39E-09,-1.98E-12,0,0.00E+00
789,133.96,-218.496203,-1.023573,-1.41E-09,-2.89E-12,0,0.00E+00
790,134.13,-227.734274,-1.050358,-1.61E-09,-3.27E-12,0,0.00E+00
791,134.3,-237.098039,-1.06095,-1.51E-09,-2.92E-12,0,0.00E+00
792,134.47,-241.204278,-1.071525,-1.29E-09,-2.41E-12,0,0.00E+00
793,134.64,-245.603174,-1.082098,-1.10E-09,-1.76E-12,0,0.00E+00
794,134.81,-250.278216,-1.09267,-8.59E-10,-1.97E-12,0,0.00E+00
795,134.98,-255.251395,-1.103241,-1.06E-09,-2.15E-12,0,0.00E+00
796,135.15,-260.546717,-1.110604,-9.57E-10,-2.39E-12,0,0.00E+00
797,135.32,-260.105608,-1.102705,-1.15E-09,-2.57E-12,0,0.00E+00
798,135.49,-251.775972,-1.094816,-1.09E-09,-2.77E-12,0,0.00E+00
799,135.66,-243.827249,-1.086925,-1.22E-09,-2.72E-12,0,0.00E+00
800,135.83,-236.106231,-1.079033,-1.07E-09,-3.34E-12,0,0.00E+00
801,136,-228.606259,-1.07114,-1.50E-09,-3.54E-12,0,0.00E+00
802,136.17,-221.318686,-1.058027,-1.28E-09,-2.91E-12,0,0.00E+00
803,136.34,-199.020604,-1.032185,-1.03E-09,-1.83E-12,0,0.00E+00
804,136.51,-178.479215,-1.006334,-5.68E-10,-1.39E-12,0,0.00E+00
805,136.68,-159.650206,-0.980475,-6.23E-10,-1.90E-12,0,0.00E+00
806,136.85,-142.340356,-0.95461,-7.93E-10,-2.04E-12,0,0.00E+00
807,137.02,-126.384725,-0.928738,-6.99E-10,-2.08E-12,0,0.00E+00
808,137.19,-84.510703,-0.896493,-2.30E-10,-2.24E-13,0,0.00E+00
809,137.36,-41.839541,-0.85504,1.57E-10,8.90E-13,0,0.00E+00
810,137.53,-14.056439,-0.813513,1.63E-10,1.83E-13,0,0.00E+00
811,137.7,5.983151,-0.771947,3.58E-10,2.17E-12,0,0.00E+00
812,137.87,21.376471,-0.730358,3.41E-10,2.15E-12,0,0.00E+00
813,138.04,33.583701,-0.688752,-2.63E-11,3.92E-13,0,0.00E+00
814,138.21,44.748839,-0.640892,1.04E-11,3.64E-15,0,0.00E+00
815,138.38,54.493386,-0.587441,-8.22E-10,-6.01E-12,0,0.00E+00
816,138.55,62.049605,-0.53398,-1.47E-09,-8.65E-12,0,0.00E+00
817,138.72,67.907699,-0.48051,-1.05E-09,-1.18E-11,0,0.00E+00
818,138.89,72.424285,-0.427034,-1.15E-09,-1.55E-11,0,0.00E+00
819,139.06,75.871717,-0.373552,-1.47E-09,-1.77E-11,0,0.00E+00
820,139.23,78.644984,-0.315727,-1.59E-09,-2.22E-11,0,0.00E+00
821,139.4,80.712706,-0.25552,-1.65E-09,-2.55E-11,0,0.00E+00
822,139.57,82.151304,-0.195309,-2.03E-09,-2.87E-11,0,0.00E+00
823,139.74,83.1415,-0.135096,-1.70E-09,-3.11E-11,0,0.00E+00
824,139.91,83.843721,-7.49E-02,-1.62E-09,-3.18E-11,0,0.00E+00
825,140.08,84.404835,-1.47E-02,-1.06E-09,-3.19E-11,0,0.00E+00
826,140.25,84.969998,4.62E-02,-6.13E-10,-3.17E-11,0,0.00E+00
827,140.42,85.674251,0.10729,-3.15E-11,-2.95E-11,0,0.00E+00
828,140.59,86.655951,0.16837,6.80E-10,-2.65E-11,0,0.00E+00
829,140.76,88.05895,0.229447,1.10E-09,-2.53E-11,0,0.00E+00
830,140.93,90.034707,0.290521,1.36E-09,-2.30E-11,0,0.00E+00
831,141.1,92.746584,0.351592,1.69E-09,-2.39E-11,0,0.00E+00
832,141.27,96.069202,0.408117,9.50E-10,-2.51E-11,0,0.00E+00
833,141.44,100.284904,0.464025,1.16E-09,-2.54E-11,0,0.00E+00
834,141.61,105.60118,0.519927,1.30E-09,-2.44E-11,0,0.00E+00
835,141.78,112.22081,0.575823,1.94E-09,-2.21E-11,0,0.00E+00
836,141.95,120.381211,0.631711,1.68E-09,-1.95E-11,0,0.00E+00
837,142.12,130.364704,0.68759,1.51E-09,-1.68E-11,0,0.00E+00
838,142.29,139.993828,0.73273,1.63E-09,-1.22E-11,0,0.00E+00
839,142.46,151.24673,0.777849,2.42E-09,-9.44E-12,0,0.00E+00
840,142.63,164.38339,0.822959,1.96E-09,-6.64E-12,0,0.00E+00
841,142.8,179.714709,0.868058,2.25E-09,-7.32E-12,0,0.00E+00
842,142.97,197.620984,0.913144,7.40E-10,-8.00E-12,0,0.00E+00
843,143.14,217.683599,0.95643,6.04E-10,-8.38E-12,0,0.00E+00
844,143.31,226.006519,0.986111,-3.19E-10,-7.29E-12,0,0.00E+00
845,143.48,233.285309,1.015878,1.67E-10,-5.64E-12,0,0.00E+00
846,143.65,241.877277,1.045638,2.01E-10,-3.61E-12,0,0.00E+00
847,143.82,252.041511,1.07539,6.89E-10,-2.78E-12,0,0.00E+00
848,143.99,264.12616,1.105131,4.24E-10,-2.60E-12,0,0.00E+00
849,144.16,278.589811,1.130581,2.55E-10,-2.23E-12,0,0.00E+00
850,144.33,287.03411,1.141835,2.77E-10,-1.65E-12,0,0.00E+00
851,144.5,293.708019,1.153083,4.29E-10,-1.20E-12,0,0.00E+00
852,144.67,300.921188,1.164327,4.56E-10,-1.33E-12,0,0.00E+00
853,144.84,308.703296,1.175569,2.56E-10,-1.38E-12,0,0.00E+00
854,145.01,317.112816,1.186808,2.16E-10,-1.07E-12,0,0.00E+00
855,145.18,326.215155,1.191139,2.83E-10,-5.87E-13,0,0.00E+00
856,145.35,315.008681,1.182579,4.56E-10,-3.86E-13,0,0.00E+00
857,145.52,303.915757,1.174018,4.64E-10,-5.26E-13,0,0.00E+00
858,145.69,293.20992,1.165454,3.65E-10,-7.12E-13,0,0.00E+00
859,145.86,282.867259,1.156889,3.14E-10,-9.55E-13,0,0.00E+00
860,146.03,272.871212,1.148322,1.99E-10,-7.98E-13,0,0.00E+00
861,146.2,263.206041,1.130759,3.78E-10,-8.26E-13,0,0.00E+00
862,146.37,234.176346,1.102956,2.39E-10,1.67E-13,0,0.00E+00
863,146.54,207.903806,1.075139,8.86E-10,1.00E-12,0,0.00E+00
864,146.71,184.125458,1.047312,8.61E-10,9.15E-13,0,0.00E+00
865,146.88,162.524982,1.019474,7.88E-10,1.67E-12,0,0.00E+00
866,147.05,142.836179,0.991628,1.17E-09,1.70E-12,0,0.00E+00
867,147.22,88.517804,0.954016,1.05E-09,2.49E-12,0,0.00E+00
868,147.39,46.272808,0.90946,9.24E-10,3.80E-12,0,0.00E+00
869,147.56,18.046964,0.864834,2.80E-10,2.02E-12,0,0.00E+00
870,147.73,-2.957461,0.820171,-6.37E-11,9.99E-13,0,0.00E+00
871,147.9,-19.330838,0.775485,-2.80E-10,3.99E-13,0,0.00E+00
872,148.07,-32.408846,0.730782,-1.60E-10,6.70E-13,0,0.00E+00
873,148.24,-44.855066,0.67717,1.96E-10,2.53E-12,0,0.00E+00
874,148.41,-55.201151,0.619815,-1.08E-10,2.07E-12,0,0.00E+00
875,148.58,-63.189695,0.562447,-3.61E-10,-1.02E-12,0,0.00E+00
876,148.75,-69.333307,0.505071,-1.00E-09,-1.05E-12,0,0.00E+00
877,148.92,-74.01291,0.447687,-3.57E-10,2.90E-12,0,0.00E+00
878,149.09,-77.524228,0.390297,5.20E-10,5.20E-12,0,0.00E+00
879,149.26,-80.324993,0.32703,7.38E-10,6.71E-12,0,0.00E+00
880,149.43,-82.288946,0.26249,8.33E-10,6.58E-12,0,0.00E+00
881,149.6,-83.584248,0.197946,6.21E-10,5.06E-12,0,0.00E+00
882,149.77,-84.415075,0.133401,4.69E-10,2.87E-12,0,0.00E+00
883,149.94,-84.964655,6.89E-02,-2.24E-10,9.20E-13,0,0.00E+00
884,150.11,-85.402689,4.31E-03,-2.98E-10,3.88E-13,0,0.00E+00
885,150.28,-85.898469,-6.11E-02,-2.70E-10,-1.02E-14,0,0.00E+00
886,150.45,-86.612588,-0.12647,-3.09E-10,-9.28E-13,0,0.00E+00
887,150.62,-87.713313,-0.191881,-3.05E-10,-1.49E-12,0,0.00E+00
888,150.79,-89.37674,-0.257289,-7.89E-10,-1.29E-12,0,0.00E+00
889,150.96,-91.791856,-0.322693,-6.89E-10,-5.86E-13,0,0.00E+00
890,151.13,-95.147481,-0.387771,-5.97E-10,-2.00E-12,0,0.00E+00
891,151.3,-99.268185,-0.447588,-4.89E-10,-2.98E-12,0,0.00E+00
892,151.47,-104.592279,-0.507398,-5.71E-10,-1.59E-12,0,0.00E+00
893,151.64,-111.358101,-0.567201,3.26E-11,-2.24E-12,0,0.00E+00
894,151.81,-119.847057,-0.626996,-7.89E-10,-4.34E-12,0,0.00E+00
895,151.98,-130.397264,-0.68678,-1.39E-09,-5.34E-12,0,0.00E+00
896,152.15,-142.937244,-0.744528,-1.67E-09,-6.05E-12,0,0.00E+00
897,152.32,-155.509687,-0.792742,-8.19E-10,-2.91E-12,0,0.00E+00
898,152.49,-170.345337,-0.840945,-2.96E-10,-2.78E-12,0,0.00E+00
899,152.66,-187.852104,-0.889134,-6.98E-11,-2.39E-12,0,0.00E+00
900,152.83,-208.538971,-0.937308,-5.75E-11,-2.74E-12,0,0.00E+00
901,153,-233.05148,-0.985462,-4.06E-10,-3.28E-12,0,0.00E+00
902,153.17,-253.189662,-1.028708,-4.32E-10,-3.28E-12,0,0.00E+00
903,153.34,-262.163109,-1.060456,-3.96E-10,-3.31E-12,0,0.00E+00
904,153.51,-273.018454,-1.092195,-5.20E-10,-3.56E-12,0,0.00E+00
905,153.68,-286.188733,-1.12392,-7.21E-10,-3.10E-12,0,0.00E+00
906,153.85,-302.304315,-1.15563,-5.83E-10,-2.53E-12,0,0.00E+00
907,154.02,-322.238715,-1.187318,-5.04E-10,-2.52E-12,0,0.00E+00
908,154.19,-347.217266,-1.210938,-6.98E-10,-1.72E-12,0,0.00E+00
909,154.36,-358.115421,-1.22285,-2.26E-10,-1.32E-12,0,0.00E+00
910,154.53,-369.955113,-1.234757,-3.25E-10,-6.92E-13,0,0.00E+00
911,154.7,-382.974167,-1.246658,9.50E-11,-7.80E-14,0,0.00E+00
912,154.87,-397.315043,-1.258551,1.87E-10,-3.37E-13,0,0.00E+00
913,155.04,-413.138053,-1.270437,-1.28E-10,1.38E-13,0,0.00E+00
914,155.21,-430.619176,-1.271218,4.13E-10,4.25E-13,0,0.00E+00
915,155.38,-414.060567,-1.261997,2.60E-10,1.09E-13,0,0.00E+00
916,155.55,-397.990324,-1.252773,1.22E-10,5.92E-13,0,0.00E+00
917,155.72,-382.586787,-1.243546,5.64E-10,7.95E-13,0,0.00E+00
918,155.89,-367.807329,-1.234317,3.89E-10,1.21E-12,0,0.00E+00
919,156.06,-353.618089,-1.225084,7.88E-10,1.06E-12,0,0.00E+00
920,156.23,-339.987336,-1.20263,3.83E-10,1.17E-12,0,0.00E+00
921,156.4,-299.779649,-1.172884,6.93E-10,9.20E-13,0,0.00E+00
922,156.57,-264.261225,-1.143118,2.73E-10,4.46E-14,0,0.00E+00
923,156.74,-232.636493,-1.113334,9.24E-12,-3.40E-13,0,0.00E+00
924,156.91,-204.343833,-1.083535,-3.10E-11,1.43E-13,0,0.00E+00
925,157.08,-178.918674,-1.053723,2.59E-10,6.61E-13,0,0.00E+00
926,157.25,-107.764215,-1.010368,6.60E-10,1.72E-12,0,0.00E+00
927,157.42,-60.988741,-0.962733,2.61E-10,2.03E-12,0,0.00E+00
928,157.59,-29.239384,-0.915023,1.28E-10,2.46E-12,0,0.00E+00
929,157.76,-5.482984,-0.867273,8.98E-10,4.78E-12,0,0.00E+00
930,157.93,13.06271,-0.819496,8.38E-10,4.24E-12,0,0.00E+00
931,158.1,27.863965,-0.7717,6.75E-11,3.59E-12,0,0.00E+00
932,158.27,42.411532,-0.712056,5.49E-10,5.81E-12,0,0.00E+00
933,158.44,53.907882,-0.650798,7.12E-10,7.93E-12,0,0.00E+00
934,158.61,62.727182,-0.589527,4.78E-10,7.48E-12,0,0.00E+00
935,158.78,69.450852,-0.528245,-8.08E-10,5.34E-12,0,0.00E+00
936,158.95,74.514063,-0.466955,-2.18E-10,3.07E-12,0,0.00E+00
937,159.12,78.256286,-0.405658,-5.48E-10,2.93E-12,0,0.00E+00
938,159.29,81.222996,-0.3368,-1.50E-10,4.00E-12,0,0.00E+00
939,159.46,83.188575,-0.267928,-2.98E-10,3.29E-12,0,0.00E+00
940,159.63,84.423051,-0.199052,-5.35E-12,2.13E-12,0,0.00E+00
941,159.8,85.162403,-0.130173,-3.19E-11,7.72E-13,0,0.00E+00
942,159.97,85.619491,-6.13E-02,-3.70E-10,1.56E-14,0,0.00E+00
943,160.14,85.993411,7.69E-03,-1.74E-10,7.78E-13,0,0.00E+00
944,160.31,86.482223,7.74E-02,3.99E-10,2.58E-12,0,0.00E+00
945,160.48,87.279594,0.147179,8.53E-10,4.08E-12,0,0.00E+00
946,160.65,88.589169,0.216921,6.40E-10,4.79E-12,0,0.00E+00
947,160.82,90.627091,0.28666,3.30E-10,2.99E-12,0,0.00E+00
948,160.99,93.629594,0.356393,-7.51E-10,9.45E-13,0,0.00E+00
949,161.16,97.762972,0.424716,-5.52E-10,1.06E-12,0,0.00E+00
950,161.33,102.934908,0.488435,-1.08E-09,-1.47E-12,0,0.00E+00
951,161.5,109.65623,0.552147,-4.47E-10,9.68E-13,0,0.00E+00
952,161.67,118.250647,0.615849,-1.94E-11,1.37E-12,0,0.00E+00
953,161.84,129.110182,0.67954,8.48E-12,1.25E-13,0,0.00E+00
954,162.01,142.71919,0.743216,3.62E-11,9.53E-13,0,0.00E+00
955,162.18,158.412612,0.802533,4.34E-10,3.03E-12,0,0.00E+00
956,162.35,174.819026,0.85383,8.98E-10,5.55E-12,0,0.00E+00
957,162.52,194.394427,0.90511,6.22E-10,4.31E-12,0,0.00E+00
958,162.69,217.797083,0.956372,1.88E-10,2.87E-12,0,0.00E+00
959,162.86,245.88017,1.007609,-1.61E-10,1.86E-12,0,0.00E+00
960,163.03,279.773381,1.058818,-9.34E-10,2.35E-12,0,0.00E+00
961,163.2,305.564837,1.101676,3.54E-10,2.81E-12,0,0.00E+00
962,163.37,318.323556,1.135393,2.27E-10,9.34E-13,0,0.00E+00
963,163.54,334.384148,1.169092,-3.92E-10,-5.41E-13,0,0.00E+00
964,163.71,354.788666,1.202768,-6.68E-10,-9.06E-13,0,0.00E+00
965,163.88,381.162439,1.23641,-6.10E-10,-1.05E-12,0,0.00E+00
966,164.05,415.931599,1.270005,-6.29E-10,-1.08E-12,0,0.00E+00
967,164.22,462.642551,1.291276,-5.99E-10,-3.39E-13,0,0.00E+00
968,164.39,481.989909,1.303829,-4.70E-12,1.51E-13,0,0.00E+00
969,164.56,503.864679,1.316369,2.34E-11,-3.81E-14,0,0.00E+00
970,164.73,528.610334,1.328894,-1.31E-10,-4.89E-13,0,0.00E+00
971,164.9,556.576005,1.341402,-4.34E-10,-4.79E-13,0,0.00E+00
972,165.07,587.756516,1.353892,-2.28E-10,-4.44E-13,0,0.00E+00
973,165.24,621.880763,1.35064,-3.70E-10,-5.83E-13,0,0.00E+00
974,165.41,593.950393,1.340784,-3.17E-10,-2.87E-13,0,0.00E+00
975,165.58,568.206653,1.330921,-7.12E-11,-1.43E-13,0,0.00E+00
976,165.75,543.737469,1.321051,-1.08E-10,-6.51E-14,0,0.00E+00
977,165.92,520.487822,1.311175,-1.08E-11,-1.19E-13,0,0.00E+00
978,166.09,498.375472,1.301294,-1.20E-10,-7.38E-13,0,0.00E+00
979,166.26,412.65725,1.273823,-3.35E-10,-1.52E-12,0,0.00E+00
980,166.43,363.58536,1.242127,-6.64E-10,-1.22E-12,0,0.00E+00
981,166.6,317.979549,1.210413,-2.83E-10,-5.58E-13,0,0.00E+00
982,166.77,277.431487,1.178676,-9.23E-11,-4.38E-13,0,0.00E+00
983,166.94,241.514172,1.146919,-1.53E-10,-4.99E-13,0,0.00E+00
984,167.11,209.645325,1.115145,-1.56E-10,-2.85E-13,0,0.00E+00
985,167.28,126.326184,1.065629,-2.23E-10,-8.54E-13,0,0.00E+00
986,167.45,76.937992,1.014906,-2.56E-10,-8.99E-13,0,0.00E+00
987,167.62,41.952666,0.96411,-4.21E-11,-3.26E-13,0,0.00E+00
988,167.79,15.343553,0.913273,6.33E-11,1.73E-12,0,0.00E+00
989,167.96,-5.572811,0.862406,6.22E-10,2.89E-12,0,0.00E+00
990,168.13,-22.543928,0.810699,2.75E-10,2.84E-12,0,0.00E+00
991,168.3,-39.288135,0.74556,1.09E-10,7.78E-13,0,0.00E+00
992,168.47,-52.088604,0.6804,-9.38E-10,-5.00E-12,0,0.00E+00
993,168.64,-61.854309,0.615226,-9.24E-10,-2.01E-12,0,0.00E+00
994,168.81,-69.241644,0.550039,-3.00E-10,3.30E-12,0,0.00E+00
995,168.98,-74.746896,0.484843,1.52E-09,7.03E-12,0,0.00E+00
996,169.15,-78.831624,0.418239,7.04E-10,7.67E-12,0,0.00E+00
997,169.32,-81.922262,0.34504,6.89E-10,7.45E-12,0,0.00E+00
998,169.49,-83.903878,0.271836,6.69E-11,7.10E-12,0,0.00E+00
999,169.66,-85.087409,0.198627,4.12E-10,9.63E-12,0,0.00E+00
1000,169.83,-85.744927,0.125416,4.84E-10,1.23E-11,0,0.00E+00
1001,170,-86.122945,5.22E-02,6.00E-10,1.33E-11,0,0.00E+00
1002,170.17,-86.454172,-2.13E-02,4.78E-10,1.44E-11,0,0.00E+00
1003,170.34,-86.970005,-9.53E-02,5.44E-10,1.57E-11,0,0.00E+00
1004,170.51,-87.902766,-0.169418,3.15E-10,1.41E-11,0,0.00E+00
1005,170.68,-89.497698,-0.243491,-6.49E-10,1.12E-11,0,0.00E+00
1006,170.85,-92.019493,-0.317559,-1.37E-09,1.00E-11,0,0.00E+00
1007,171.02,-95.763008,-0.391621,-1.41E-09,9.41E-12,0,0.00E+00
1008,171.19,-100.846909,-0.463038,-1.55E-09,8.38E-12,0,0.00E+00
1009,171.36,-107.320509,-0.530659,-1.76E-09,8.23E-12,0,0.00E+00
1010,171.53,-115.77657,-0.59827,-1.32E-09,8.78E-12,0,0.00E+00
1011,171.7,-126.656084,-0.665868,-1.21E-09,6.68E-12,0,0.00E+00
1012,171.87,-140.508007,-0.733452,-1.25E-09,4.51E-12,0,0.00E+00
1013,172.04,-158.031679,-0.801017,-1.10E-09,3.08E-12,0,0.00E+00
1014,172.21,-177.626498,-0.861615,-4.34E-10,5.16E-12,0,0.00E+00
1015,172.38,-199.060535,-0.915987,-1.32E-10,4.54E-12,0,0.00E+00
1016,172.55,-224.983438,-0.970337,-4.53E-10,4.27E-12,0,0.00E+00
1017,172.72,-256.483306,-1.024659,-3.39E-10,4.00E-12,0,0.00E+00
1018,172.89,-295.035735,-1.078946,2.40E-10,4.08E-12,0,0.00E+00
1019,173.06,-342.699057,-1.133186,3.79E-10,5.38E-12,0,0.00E+00
1020,173.23,-365.868192,-1.175295,2.56E-09,3.97E-12,0,0.00E+00
1021,173.4,-385.553156,-1.210963,7.00E-10,2.85E-12,0,0.00E+00
1022,173.57,-411.70211,-1.246596,1.21E-09,2.75E-12,0,0.00E+00
1023,173.74,-447.341798,-1.282175,9.57E-10,1.54E-12,0,0.00E+00
1024,173.91,-497.280615,-1.317674,3.46E-10,8.06E-13,0,0.00E+00
1025,174.08,-568.455389,-1.353052,2.86E-10,2.32E-13,0,0.00E+00
1026,174.25,-663.613994,-1.371404,-6.44E-11,1.21E-13,0,0.00E+00
1027,174.42,-698.60502,-1.384555,1.09E-10,-1.79E-14,0,0.00E+00
1028,174.59,-741.044152,-1.397671,-1.26E-10,-1.14E-13,0,0.00E+00
1029,174.76,-788.634121,-1.410759,-7.81E-11,-2.16E-13,0,0.00E+00
1030,174.93,-840.742817,-1.423823,-2.70E-10,-3.70E-13,0,0.00E+00
1031,175.1,-897.464654,-1.436862,-3.31E-10,-6.01E-14,0,0.00E+00
1032,175.27,-959.222652,-1.429146,7.62E-11,6.67E-14,0,0.00E+00
1033,175.44,-903.994676,-1.418712,-6.89E-11,7.92E-14,0,0.00E+00
1034,175.61,-858.544373,-1.408257,4.42E-11,2.77E-13,0,0.00E+00
1035,175.78,-815.621715,-1.397788,1.84E-10,6.30E-13,0,0.00E+00
1036,175.95,-775.424543,-1.387307,4.56E-10,6.56E-13,0,0.00E+00
1037,176.12,-737.699579,-1.376813,2.73E-10,1.66E-13,0,0.00E+00
1038,176.29,-577.521158,-1.343908,-2.58E-11,-2.79E-13,0,0.00E+00
1039,176.46,-506.923732,-1.310313,-2.05E-10,-3.04E-13,0,0.00E+00
1040,176.63,-439.032745,-1.276703,-1.38E-10,-1.31E-13,0,0.00E+00
1041,176.8,-379.803728,-1.243055,-3.73E-11,-5.52E-14,0,0.00E+00
1042,176.97,-328.673722,-1.209373,-4.69E-11,4.97E-14,0,0.00E+00
1043,177.14,-250.149919,-1.173339,8.20E-11,1.03E-13,0,0.00E+00
1044,177.31,-157.441114,-1.119732,-9.45E-11,-7.12E-13,0,0.00E+00
1045,177.48,-101.241041,-1.065942,-1.35E-10,-1.26E-12,0,0.00E+00
1046,177.65,-60.676769,-1.012073,7.02E-11,-1.16E-12,0,0.00E+00
1047,177.82,-29.659896,-0.958156,-1.61E-10,-1.11E-12,0,0.00E+00
1048,177.99,-5.278143,-0.904205,7.80E-11,-1.23E-13,0,0.00E+00
1049,178.16,15.298506,-0.846711,2.16E-10,7.13E-13,0,0.00E+00
1050,178.33,34.460153,-0.777675,4.58E-10,3.89E-12,0,0.00E+00
1051,178.5,49.019315,-0.708616,6.69E-10,4.87E-12,0,0.00E+00
1052,178.67,60.045622,-0.63954,3.03E-10,5.96E-12,0,0.00E+00
1053,178.84,68.315231,-0.57045,4.54E-10,8.28E-12,0,0.00E+00
1054,179.01,74.415149,-0.501348,1.06E-09,1.11E-11,0,0.00E+00
1055,179.18,78.960436,-0.42928,6.21E-10,1.20E-11,0,0.00E+00
1056,179.35,82.251214,-0.351749,8.55E-10,1.63E-11,0,0.00E+00
1057,179.52,84.301857,-0.274213,2.09E-09,2.39E-11,0,0.00E+00
1058,179.69,85.473548,-0.196672,2.25E-09,3.05E-11,0,0.00E+00
1059,179.86,86.082021,-0.119129,2.88E-09,3.66E-11,0,0.00E+00
1060,180.03,86.413751,-4.16E-02,2.55E-09,3.91E-11,0,0.00E+00
1061,180.2,86.740955,3.64E-02,1.64E-09,3.89E-11,0,0.00E+00
1062,180.37,87.335053,0.114778,2.06E-10,3.54E-11,0,0.00E+00
1063,180.54,88.473175,0.193186,-1.25E-09,3.12E-11,0,0.00E+00
1064,180.71,90.450472,0.271589,-2.08E-09,2.60E-11,0,0.00E+00
1065,180.88,93.590958,0.349987,-2.67E-09,2.12E-11,0,0.00E+00
1066,181.05,98.262715,0.428376,-2.95E-09,1.62E-11,0,0.00E+00
1067,181.22,104.501981,0.502736,-2.98E-09,1.27E-11,0,0.00E+00
1068,181.39,112.582505,0.574257,-3.09E-09,6.67E-12,0,0.00E+00
1069,181.56,123.189795,0.645765,-2.90E-09,1.86E-12,0,0.00E+00
1070,181.73,136.927647,0.717258,-1.95E-09,1.87E-13,0,0.00E+00
1071,181.9,154.570597,0.788731,-1.70E-09,-1.21E-12,0,0.00E+00
1072,182.07,177.139522,0.860179,-1.03E-09,8.77E-13,0,0.00E+00
1073,182.24,201.610568,0.921766,3.89E-10,1.93E-12,0,0.00E+00
1074,182.41,229.730448,0.979207,3.64E-10,2.54E-12,0,0.00E+00
1075,182.58,264.319886,1.036615,1.73E-10,2.56E-12,0,0.00E+00
1076,182.75,307.23508,1.093981,8.65E-10,6.12E-12,0,0.00E+00
1077,182.92,361.134722,1.151292,1.17E-09,3.64E-12,0,0.00E+00
1078,183.09,429.9723,1.208527,-5.27E-10,-2.09E-13,0,0.00E+00
1079,183.26,464.404314,1.249398,-2.39E-09,-8.70E-13,0,0.00E+00
1080,183.43,494.434203,1.286996,-9.71E-10,-7.52E-13,0,0.00E+00
1081,183.6,538.479679,1.324515,-1.13E-09,-1.13E-12,0,0.00E+00
1082,183.77,605.791945,1.3619,-9.47E-10,-3.37E-13,0,0.00E+00
1083,183.94,707.854226,1.399084,-6.47E-11,-1.83E-13,0,0.00E+00
1084,184.11,844.781941,1.436058,-4.08E-10,-7.46E-14,0,0.00E+00
1085,184.28,1019.909385,1.450952,-1.47E-10,2.86E-13,0,0.00E+00
1086,184.45,1084.412748,1.464602,1.94E-10,1.19E-13,0,0.00E+00
1087,184.62,1167.955896,1.47818,-1.40E-10,1.08E-13,0,0.00E+00
1088,184.79,1260.294133,1.491709,9.52E-11,7.15E-14,0,0.00E+00
1089,184.96,1362.915175,1.505182,-1.36E-10,-1.36E-14,0,0.00E+00
1090,185.13,1477.425058,1.517265,-1.06E-10,5.25E-15,0,0.00E+00
1091,185.3,1562.261736,1.506235,-1.03E-10,1.41E-14,0,0.00E+00
1092,185.47,1438.334796,1.495355,-9.19E-11,3.93E-14,0,0.00E+00
1093,185.64,1351.061891,1.484416,-5.21E-11,3.36E-14,0,0.00E+00
1094,185.81,1268.324255,1.473445,-8.40E-11,2.00E-13,0,0.00E+00
1095,185.98,1192.644313,1.462442,1.76E-10,1.59E-13,0,0.00E+00
1096,186.15,1122.950094,1.447399,-6.60E-11,1.22E-14,0,0.00E+00
1097,186.32,987.154202,1.412296,-9.19E-11,1.18E-14,0,0.00E+00
1098,186.49,825.671859,1.377057,-6.54E-11,-3.16E-13,0,0.00E+00
1099,186.66,699.429906,1.341694,-3.93E-10,-5.87E-13,0,0.00E+00
1100,186.83,596.267929,1.306236,-3.80E-10,-4.17E-13,0,0.00E+00
1101,187,510.941223,1.270705,-1.86E-10,1.62E-13,0,0.00E+00
1102,187.17,371.862796,1.228994,2.85E-10,4.79E-13,0,0.00E+00
1103,187.34,219.170388,1.172587,-2.24E-10,-6.99E-14,0,0.00E+00
1104,187.51,142.150423,1.1158,4.49E-10,4.84E-13,0,0.00E+00
1105,187.68,89.850931,1.058888,-3.02E-10,-1.57E-12,0,0.00E+00
1106,187.85,51.003326,1.001909,-6.48E-10,-1.72E-12,0,0.00E+00
1107,188.02,21.041345,0.944885,-2.87E-11,-1.26E-12,0,0.00E+00
1108,188.19,-4.8713,0.881327,-1.14E-10,-2.10E-12,0,0.00E+00
1109,188.36,-27.493625,0.808401,-3.84E-10,-4.50E-12,0,0.00E+00
1110,188.53,-44.471658,0.735446,-8.93E-10,-6.39E-12,0,0.00E+00
1111,188.7,-57.187243,0.66247,4.28E-11,-4.52E-12,0,0.00E+00
1112,188.87,-66.622175,0.589477,-6.01E-12,-7.21E-12,0,0.00E+00
1113,189.04,-73.50565,0.516472,-5.64E-10,-4.93E-12,0,0.00E+00
1114,189.21,-78.655603,0.438789,6.10E-11,-6.89E-13,0,0.00E+00
1115,189.38,-82.23278,0.356928,5.78E-10,2.42E-12,0,0.00E+00
1116,189.55,-84.409838,0.27506,8.83E-10,2.34E-12,0,0.00E+00
1117,189.72,-85.610879,0.193187,2.34E-12,-1.04E-13,0,0.00E+00
1118,189.89,-86.204567,0.111311,-3.10E-10,-4.14E-12,0,0.00E+00
1119,190.06,-86.524775,2.94E-02,-9.73E-10,-6.46E-12,0,0.00E+00
1120,190.23,-86.890266,-5.30E-02,-1.54E-11,-3.31E-12,0,0.00E+00
1121,190.4,-87.619582,-0.135745,1.21E-09,1.65E-13,0,0.00E+00
1122,190.57,-89.042245,-0.218483,1.56E-09,4.29E-13,0,0.00E+00
1123,190.74,-91.513243,-0.301216,1.29E-09,3.90E-12,0,0.00E+00
1124,190.91,-95.429169,-0.383942,1.69E-09,7.00E-12,0,0.00E+00
1125,191.08,-101.249872,-0.466658,1.03E-09,7.16E-12,0,0.00E+00
1126,191.25,-108.882211,-0.54381,7.82E-10,6.63E-12,0,0.00E+00
1127,191.42,-118.938598,-0.619229,5.14E-10,4.12E-12,0,0.00E+00
1128,191.59,-132.210742,-0.694632,1.50E-10,5.01E-12,0,0.00E+00
1129,191.76,-149.531092,-0.770015,3.14E-10,3.58E-12,0,0.00E+00
1130,191.93,-172.003529,-0.845372,-5.72E-11,2.11E-13,0,0.00E+00
1131,192.1,-201.139832,-0.920695,-9.10E-10,-1.26E-12,0,0.00E+00
1132,192.27,-231.79023,-0.982982,-5.26E-10,-2.60E-12,0,0.00E+00
1133,192.44,-268.971157,-1.043478,-2.07E-10,-2.36E-12,0,0.00E+00
1134,192.61,-315.705187,-1.103927,-3.74E-10,-1.18E-12,0,0.00E+00
1135,192.78,-375.290346,-1.16431,-4.84E-10,-6.32E-13,0,0.00E+00
1136,192.95,-452.777088,-1.224604,1.69E-10,-1.39E-13,0,0.00E+00
1137,193.12,-556.293164,-1.284766,-1.16E-10,4.94E-13,0,0.00E+00
1138,193.29,-610.223591,-1.323923,1.04E-09,6.97E-13,0,0.00E+00
1139,193.46,-658.930676,-1.363397,4.12E-10,8.12E-15,0,0.00E+00
1140,193.63,-743.491208,-1.402664,-5.73E-11,1.76E-13,0,0.00E+00
1141,193.8,-885.41929,-1.441593,3.48E-10,5.94E-14,0,0.00E+00
1142,193.97,-1081.143664,-1.480183,1.34E-11,7.39E-14,0,0.00E+00
1143,194.14,-1342.447502,-1.515696,3.62E-10,1.55E-13,0,0.00E+00
1144,194.31,-1605.208686,-1.529482,2.81E-10,4.55E-14,0,0.00E+00
1145,194.48,-1732.827741,-1.543407,1.78E-10,4.81E-14,0,0.00E+00
1146,194.65,-1906.737863,-1.55718,2.87E-10,4.76E-14,0,0.00E+00
1147,194.82,-2100.758978,-1.570821,2.31E-10,1.07E-13,0,0.00E+00
1148,194.99,-2325.255439,-1.584293,4.52E-10,8.15E-14,0,0.00E+00
1149,195.16,-2585.140187,-1.592515,2.68E-10,1.28E-13,0,0.00E+00
1150,195.33,-2574.66749,-1.58103,5.13E-10,2.16E-13,0,0.00E+00
1151,195.5,-2506.680386,-1.569311,4.64E-10,8.74E-14,0,0.00E+00
1152,195.67,-2355.154525,-1.557998,8.76E-11,-6.44E-16,0,0.00E+00
1153,195.84,-2171.618144,-1.546816,-1.31E-12,-6.62E-16,0,0.00E+00
1154,196.01,-2003.149752,-1.535544,5.36E-11,-6.80E-14,0,0.00E+00
1155,196.18,-1853.479568,-1.516086,-1.17E-10,-1.02E-13,0,0.00E+00
1156,196.35,-1494.289161,-1.479685,-5.58E-11,-1.67E-13,0,0.00E+00
1157,196.52,-1208.238638,-1.442918,-1.58E-10,-3.17E-13,0,0.00E+00
1158,196.69,-993.731889,-1.405899,-2.46E-10,-4.46E-13,0,0.00E+00
1159,196.86,-826.981943,-1.368698,-2.76E-10,-6.21E-13,0,0.00E+00
1160,197.03,-694.709059,-1.331363,-3.65E-10,-1.02E-12,0,0.00E+00
1161,197.2,-422.124142,-1.283913,-8.91E-10,-2.05E-12,0,0.00E+00
1162,197.37,-267.785756,-1.224413,-3.87E-11,-6.52E-13,0,0.00E+00
1163,197.54,-180.243281,-1.164577,5.00E-10,3.50E-13,0,0.00E+00
1164,197.71,-118.570651,-1.104611,6.51E-10,2.92E-12,0,0.00E+00
1165,197.88,-72.456692,-1.044566,9.00E-10,2.84E-12,0,0.00E+00
1166,198.05,-36.9774,-0.984469,5.24E-10,3.54E-12,0,0.00E+00
1167,198.22,-5.326928,-0.914565,5.32E-10,4.23E-12,0,0.00E+00
1168,198.39,20.767144,-0.837748,-1.37E-10,1.47E-12,0,0.00E+00
1169,198.56,40.175139,-0.760897,-3.28E-10,-2.98E-13,0,0.00E+00
1170,198.73,54.576082,-0.684021,-4.54E-10,-6.03E-13,0,0.00E+00
1171,198.9,65.158374,-0.607126,-2.88E-10,-7.47E-13,0,0.00E+00
1172,199.07,72.797825,-0.530217,-5.93E-11,-2.62E-12,0,0.00E+00
1173,199.24,78.531276,-0.44677,-1.36E-10,-3.76E-12,0,0.00E+00
1174,199.41,82.349321,-0.360578,-7.50E-11,-5.58E-12,0,0.00E+00
1175,199.58,84.61264,-0.274378,-3.85E-10,-1.00E-11,0,0.00E+00
1176,199.75,85.811131,-0.188173,-1.01E-09,-1.48E-11,0,0.00E+00
1177,199.92,86.36926,-0.101965,-1.30E-09,-1.77E-11,0,0.00E+00
1178,200,86.626697,-2.91E-02,-1.49E-09,-1.90E-11,0,0.00E+00
