0,0
0.0252048558558559,6.20586079931821e-06
0.0664670630630631,1.76544990504347e-05
0.118516846846847,3.43325412190453e-05
0.177626914914915,5.64094149681162e-05
0.241144299299299,8.40551460426788e-05
0.307245381381381,0.000117399439962496
0.374933768768769,0.000156639026255088
0.444024704704705,0.000202204057590587
0.514956306306306,0.000254864065943723
0.588501011011011,0.000315737952150369
0.665526756756757,0.000386258039594175
0.746870894894895,0.000468143696665397
0.83329174974975,0.000563395052503462
0.925438636636637,0.000674283270514576
1.02381522522523,0.000803316766810871
1.12873875475475,0.000953176175352226
1.24030492292292,0.00112661941091942
1.35837245045045,0.00132637051295416
1.48259084484485,0.00155503273676446
1.61252172172172,0.00181513234273559
1.74791946546547,0.00210948161621351
1.88923154554555,0.0024421237973031
2.03830931531532,0.00282009168425345
2.19920136936937,0.00325603476992598
2.37875750750751,0.003771441810463
2.58669356956957,0.00439984342088956
2.83478297297297,0.00518904195754526
3.13499547547548,0.0062010691169706
3.49668269269269,0.00750818166794374
3.92327597597598,0.00918312811542113
4.40929725725726,0.011282939239604
4.93860228228228,0.0138281346635515
5.48453723723724,0.016782598873733
6.01210258258258,0.0200409620330556
6.48157222222222,0.023428379400885
6.85263855855856,0.0267131217069765
7.08829888888889,0.0296288337488135
7.15817031031031,0.031902646789071
7.04136684684685,0.0332867381044425
6.72907627627628,0.0335914694427038
6.22658299299299,0.0335632573400674
5.55403249249249,0.0334181193706196
4.7452281981982,0.0331077209506583
3.84430506106106,0.0325513309433072
2.90084779279279,0.0316845858474501
1.96438450650651,0.0304837694372769
1.07897890590591,0.0289763376537739
0.278360172972973,0.0272329147545218
-0.41775491011011,0.0253443772166984
-1.00488113113113,0.0233949373118571
-1.49134006006006,0.0214440736419091
-1.89262265865866,0.019524187083738
-2.22516218618619,0.0176501021289917
-2.50264578378378,0.0158296071192262
-2.73591565065065,0.0140670288538478
-2.93478073273273,0.0123605395114032
-3.10928940540541,0.0106992810422781
-3.26946214814815,0.00906443404890996
-3.42419788288288,0.00743333216856783
-3.58047501501501,0.005783407121514
-3.74327586886887,0.00409411638139653
-3.9159658018018,0.00234718790151645
-4.10070468468468,0.000526375132196543
-4.29869203603604,-0.00138252358965374
-4.51027341841842,-0.00339131513146823
-4.73499406606607,-0.0055089279687321
-4.97166612212212,-0.00774100483228369
-5.21851515115115,-0.0100898535625944
-5.47350884984985,-0.0125552711366466
-5.73503161161161,-0.0151371334887702
-6.00304658858859,-0.0178407370244044
-6.28076778378378,-0.020685523926615
-6.57657204604605,-0.023716576165508
-6.90554562962963,-0.0270165229494239
-7.28982154654655,-0.0307138584963555
-7.75691527527528,-0.0349733851799543
-8.33559838838839,-0.0401048311783164
-9.04949831831832,-0.0463718531349617
-9.90940098098098,-0.0540092167345259
-10.9060388388388,-0.0631687482593962
-12.0055305405405,-0.0738579939270578
-13.1492622622623,-0.0858939135566353
-14.2587602602603,-0.0988874824170821
-15.2444377177177,-0.112264894529421
-16.0159118618619,-0.125318276051558
-16.4915115115115,-0.137271292341408
-16.6057413813814,-0.14734730101822
-16.3148141741742,-0.154835026901274
-15.6010523223223,-0.159152543770954
-14.4763621621622,-0.159908553715635
-12.9837716016016,-0.159869117910898
-11.1954164564565,-0.159495101579503
-9.20606785885886,-0.158613188931289
-7.12296121921922,-0.156920752903079
-5.05403585085085,-0.154179919280529
-3.09662366366366,-0.150330827045435
-1.32757345945946,-0.145522212624437
0.204622361761762,-0.140041944543495
1.48136048648649,-0.134210724449759
2.52048558558559,-0.128261283512784
3.35658668468468,-0.122332290525428
4.02957279279279,-0.116486476943169
4.57389305905906,-0.110752873889175
5.01580142542543,-0.105150750295953
5.37679417417417,-0.0996873785790639
5.6775684984985,-0.0943470381422787
5.93883042542542,-0.0890892707599311
6.17947567567568,-0.0838587612932713
6.41466102002002,-0.0785978051508594
6.65526756756757,-0.0732537881777987
6.90855577777778,-0.0677809354604458
7.17912892092092,-0.0621395139889629
7.46961185285285,-0.056295319419508
7.78099571171171,-0.0502201192802673
8.1128097997998,-0.0438926230164524
8.46325712112112,-0.0372994584085608
8.82942092792793,-0.0304356055715263
9.20766945745746,-0.0233034780550344
9.59450424424424,-0.0159089953342206
9.98811123123123,-0.00825258461782792
10.3907735005005,-0.000313291955269207
10.8119015855856,0.00797367576057824
11.270907018018,0.0167422407675539
11.7986372372372,0.0262158890680391
12.4360267767768,0.0367135889101481
13.2289872072072,0.0486319297537743
14.2194437637638,0.0623979192628945
15.433633953954,0.0783934327495658
16.8700866966967,0.0968612884199022
18.4906014014014,0.117812193246328
20.2174030930931,0.140957107929639
21.9381489489489,0.165573742067981
23.5179306906907,0.191216027124998
24.8151622222222,0.216732083038796
25.6973945945946,0.240863963176984
26.0542878078078,0.262333225101862
25.8070876976977,0.279944330719317
24.9156057657658,0.292679711644989
23.3835400600601,0.299788218591765
21.2615029029029,0.300861297041321
18.6456805105105,0.300811267474533
15.6702884684685,0.300227495577425
12.4939914484484,0.298806428234131
9.28271293693694,0.295972216478665
6.1920815965966,0.291263761159795
3.35172170770771,0.28461174431967
0.85247802972973,0.276369239902038
-1.26179034074074,0.267097824723231
-2.99454577077077,0.257322612588302
-4.38629429429429,0.247400946801676
-5.49588502802803,0.237519075255414
-6.38159721321321,0.22775859018626
-7.09082972072072,0.218160533795687
-7.66056382182182,0.208747861680923
-8.12305381381381,0.199515185583771
-8.50963416216216,0.190417602074415
-8.85009581481482,0.181377332848583
-9.16988585585586,0.172302855596965
-9.48825878978979,0.163105974421821
-9.81842850850851,0.15370944197196
-10.1688789369369,0.144047330982149
-10.5446691891892,0.134063528531833
-10.9482312792793,0.123711442629004
-11.3797667787788,0.112955034635095
-11.8374851651652,0.101770281989306
-12.3178593473473,0.0901462237312421
-12.8160592682683,0.0780845722858483
-13.3268041561562,0.065596148706386
-13.8460048908909,0.0526912456120989
-14.3734918318318,0.0393609953971174
-14.9168234864865,0.0255483329077512
-15.4954848208208,0.0111115329430021
-16.1440458638639,-0.00421104681628394
-16.912385987988,-0.0208215071373084
-17.8613180680681,-0.0392536514416128
-19.0527963163163,-0.0601234428190179
-20.53540003003,-0.084035474972364
-22.3275110710711,-0.111454045034462
-24.4022619019019,-0.142561788494856
-26.6789567567568,-0.177139877599255
-29.0245910910911,-0.214505183312843
-31.2661971971972,-0.25352678949482
-33.2110964564565,-0.292719824087504
-34.6697386186186,-0.330338175035263
-35.4759259259259,-0.365105989857025
-35.5019298498499,-0.395152950985946
-34.6689801201201,-0.418965581806255
-32.9550318718719,-0.435352592085538
-30.4003605405405,-0.44354685984862
-27.1089736736737,-0.443544505045327
-23.2426580780781,-0.443173611417205
-19.0060755795796,-0.442122382923193
-14.6248033543544,-0.43970640418444
-10.3208732112112,-0.43501806718879
-6.29001681681682,-0.427439482928553
-2.68251956756757,-0.417101819960859
0.411332706806807,-0.404752811341901
2.96272097297297,-0.391306137308822
5.01576631531532,-0.377421062647074
6.64670630630631,-0.363474741462339
7.94062873873874,-0.349629817984196
8.9701592032032,-0.335956801265191
9.79045855155155,-0.322500519368425
10.446342966967,-0.309277450227927
10.9802032282282,-0.29625102413484
11.4336361461461,-0.283328939752874
11.843995045045,-0.270387147611414
12.240821029029,-0.257298773317549
12.6450083783784,-0.243950773133362
13.0702406606607,-0.230247272140327
13.5249660920921,-0.216107244502394
14.0137850690691,-0.2014629878647
14.5381761981982,-0.186260794535196
15.0968808448448,-0.170462769153993
15.6862093193193,-0.154048607385709
16.3004694054054,-0.137016153796104
16.9327480700701,-0.119379064052468
17.5764867667668,-0.101158199888114
18.228302996997,-0.08236269312584
18.8923154554555,-0.0629572971198617
19.5854938558559,-0.0428172005570629
20.3426126666667,-0.0216784350754285
21.218516966967,0.000900229478300657
22.285359983984,0.0255445572531431
23.6231914414414,0.053023503866737
25.3038920520521,0.0841498811374205
27.3705852152152,0.119627714836831
29.8168974174174,0.15986911999021
32.5719055455455,0.204820566671807
35.4962039039039,0.253845848271827
38.3917606606607,0.305703761393913
41.0237587987988,0.358631699139373
43.1487522222222,0.410514585908129
44.5421506306306,0.4588947791535
45.0202767267267,0.502247638170037
44.4560050850851,0.538379871490193
42.7898446846847,0.565656703419992
40.0380038438438,0.582940940676586
36.2964228128128,0.58967905497197
31.7373285285285,0.589643672538222
26.5953487387387,0.589012180392417
21.1436778358358,0.587408645555803
15.6645780810811,0.583842440364703
10.4197786866867,0.577019026985759
5.62446450950951,0.566238926695111
1.42659588648649,0.551990206526485
-2.10582577137137,0.53545878908876
-4.98421041041041,0.5177867849378
-7.28124852852853,0.499728344690039
-9.0991473973974,0.481660789842172
-10.5380322402402,0.463741125448122
-11.6790136576577,0.446043641074224
-12.585211992993,0.428608127017991
-13.3113268948949,0.411422957230484
-13.9099789189189,0.394405793361414
-14.4307294814815,0.37741671927423
-14.9155738288288,0.360293417845835
-15.3960425645646,0.342881801998732
-15.8935811481481,0.325049178027079
-16.4217920720721,0.306684370225673
-16.9886336936937,0.287694630923538
-17.5977705225225,0.268004814315148
-18.2492601391391,0.247558924104151
-18.9399762642643,0.226322397770776
-19.6640525725726,0.204283631524254
-20.4136033853854,0.181453008353069
-21.1800994624625,0.15785649960457
-21.9569781701702,0.133519026706294
-22.7439370750751,0.108432856977313
-23.5528791891892,0.0825089911635649
-24.4143975955956,0.0555169600755877
-25.3825460980981,0.0270278269835952
-26.5349504294294,-0.00361694285706143
-27.9657208608609,-0.0372867762516587
-29.7699942442442,-0.0749752268644677
-32.0213017417417,-0.117641336113043
-34.7456211611612,-0.165995228212943
-37.898484964965,-0.220267478950988
-41.352382972973,-0.280018683050569
-44.8999199199199,-0.344046209635469
-48.2736341341341,-0.410423045735853
-51.1777551951952,-0.476665009178049
-53.3235653753754,-0.539986964933432
-54.4603403403403,-0.597472200749212
-54.3981183183183,-0.647059597533906
-53.0231460660661,-0.686554480950213
-50.3090114214214,-0.714426154245067
-46.3243589189189,-0.729830141097896
-41.2341757457457,-0.732624767023844
-35.2898996996997,-0.732519123084414
-28.8060833003003,-0.731488444017181
-22.1266454894895,-0.729093418241173
-15.5877105715716,-0.723933222194333
-9.48340996996997,-0.714243086506458
-4.03746567567568,-0.699433805492802
0.618043051851852,-0.680633239444615
4.44408145945946,-0.659586187805827
7.51104704504504,-0.637577782374347
9.93682592792793,-0.615325758828347
11.8516846846847,-0.593136025275642
13.3664253473473,-0.571138237365187
14.5651156776777,-0.549410557738976
15.5158917597598,-0.527982032325182
16.282837957958,-0.506796005240622
16.9284418668669,-0.485707712713953
17.5085144144144,-0.464523486712906
18.066981038038,-0.443046843172094
18.6347491891892,-0.42110453131397
19.2319255435435,-0.398551392981826
19.8708032632633,-0.37526638931543
20.5579582852853,-0.351149966708084
21.2953566846847,-0.326124892020357
22.0809518898899,-0.30013886264913
22.9091615175175,-0.273167030047426
23.7715178828829,-0.245212622182545
24.6578266826827,-0.216303134925686
25.5584692892893,-0.186477027016506
26.4684947627628,-0.155754898724443
27.3938574104104,-0.124090280660044
28.3590861261261,-0.0913021371484289
29.4143183153153,-0.0570016559036662
30.6383966966967,-0.0205374013164657
32.1346931911912,0.0190122321623635
34.0173956756757,0.0627730733964487
36.3883403403403,0.111922538618458
39.3075364764765,0.167458417641731
42.7637081381381,0.229924163063872
46.6532096896897,0.29915047110702
50.7750047147147,0.374083032125937
54.8453723723724,0.452752354983748
58.5295869069069,0.532403943564833
61.4823422222222,0.609765032449349
63.3869066666667,0.681397733312589
63.9862656456457,0.743955909999345
63.1049224724725,0.795371530757954
60.6640836036036,0.833693346015304
56.6924676276276,0.857988087144405
51.3313427227227,0.868138104012543
44.8289765465465,0.868085936572886
37.520409009009,0.867312835432712
29.7933642232232,0.865504523048455
22.0464432252252,0.861720070873016
14.6474757767768,0.854087921922702
7.89720731131131,0.840578300967511
2.00071374324324,0.821146308514705
-2.949861202002,0.797635420816719
-6.97387505005005,0.772043872663496
-10.1762027627628,0.745680591159901
-12.7024097667668,0.719187983548185
-14.6944672672673,0.692829842049221
-16.2671975945946,0.666727282042856
-17.5098601641642,0.640943211802055
-18.499599975976,0.615462605990408
-19.3103236756757,0.590166706988057
-20.0113631481481,0.564853671004208
-20.6612618018018,0.539290479862411
-21.3038263393393,0.513257476989135
-21.9687337877878,0.486567155274514
-22.6747052072072,0.459064003930929
-23.4325981981982,0.430619789963793
-24.2473097657658,0.401132170431241
-25.1187534994995,0.370526735409968
-26.0424673633634,0.338760094790023
-27.0102457977978,0.305821863306189
-28.0111475025025,0.271733089284983
-29.0333947687688,0.236537021838253
-30.0679514494494,0.200275510281643
-31.1143823183183,0.162944550967616
-32.1889348918919,0.124426372086304
-33.3333103703704,0.0844059809361306
-34.6210463323323,0.0422931919617473
-36.1575148708709,-0.00281801908545753
-38.0701236536537,-0.0521194318971442
-40.4871921721722,-0.106962663927617
-43.5072034534534,-0.168632582220547
-47.1637312512512,-0.238042862406319
-51.394708028028,-0.315408554771527
-56.0258091891892,-0.39997306427743
-60.7752487487487,-0.489867349762544
-65.2810710710711,-0.582150711912462
-69.1444139339339,-0.673037191882042
-71.9773921321321,-0.758280373008865
-73.4447547547548,-0.833693127808539
-73.2943067867868,-0.895681847709992
-71.377312012012,-0.942797597818758
-67.662990970971,-0.974194402752027
-62.2483572972973,-0.990386879959875
-55.3593778178178,-0.992374232026048
-47.3371413213213,-0.992098931855881
-38.606091021021,-0.990677085220217
-29.6284876246246,-0.987809918869344
-20.8545479319319,-0.982429363690926
-12.6768031231231,-0.972284819771708
-5.39241178378378,-0.954975912625364
0.824753396896897,-0.930959528459026
5.92544194594595,-0.902862123461201
10.0063277747748,-0.872902389090371
13.2269455495495,-0.842329741695469
15.7627406306306,-0.811685326354909
17.7626914914915,-0.781200605271541
19.3397728038038,-0.751007768280545
20.5854405525526,-0.721159125434947
21.5854726876877,-0.691583718915471
22.4232475875876,-0.662087578713694
23.1730337837838,-0.632409420661152
23.893141047047,-0.60228459601538
24.62449,-0.571480885851393
25.3936104264264,-0.539805046161448
26.2166404344344,-0.507097261635398
27.1021315015015,-0.473227449222464
28.0525371711712,-0.438096286111313
29.0650229349349,-0.401638630526776
30.1321137157157,-0.3638268030334
31.2425663603604,-0.32467128686031
32.3829052952953,-0.284215471312719
33.5404518118118,-0.242517699642748
34.7086865285285,-0.199612684120026
35.8953993653654,-0.155445986158419
37.1326783963964,-0.109784677586927
38.486023963964,-0.0621212857938125
40.0582764264264,-0.0116033755324909
41.9840263983984,0.0429725753999695
44.4115999099099,0.103068138441984
47.4727886286286,0.170193126683368
51.2444877377377,0.245589342911695
55.7105188588589,0.329853026530841
60.7345138338338,0.422572163734412
66.0538055255255,0.522066120939262
71.2989840840841,0.625296296461984
76.035415015015,0.727975335756069
79.8159322222222,0.824884972597823
82.2316627027027,0.91048626632363
82.9522545645646,0.980051418889596
81.7538398598599,1.03139925607596
78.5383225225225,1.06573725965164
73.3469314114114,1.08489852150818
66.3662626326326,1.09060246690623
57.9206245645646,1.09034710673105
48.4454692792793,1.08906247926839
38.4430506106106,1.08642944230354
28.4283083693694,1.08180843660621
18.8751728668669,1.07415358291706
10.1699501131131,1.06109828915594
2.5748316,1.04005573119766
-3.79389663263263,1.01186510242779
-8.96353968968969,0.979527707690334
-13.071156996997,0.945394402664213
-16.3056721361361,0.910679460057257
-18.8509022942943,0.875910186972112
-20.8553815315315,0.841333086752972
-22.4345083353353,0.807075310374883
-23.6878730570571,0.773141499048261
-24.7106684324324,0.739390329579241
-25.5919968148148,0.705566770144469
-26.4069497747748,0.67137279381294
-27.2116101141141,0.636527016384588
-28.0438864274274,0.600789875616165
-28.9276183423423,0.563963697461223
-29.8765627027027,0.525886657531023
-30.896849009009,0.486431017204431
-31.9882468598599,0.445505777966708
-33.1449584624625,0.403060652140981
-34.356439023023,0.359088574760262
-35.6086916196196,0.313623601051902
-36.8866900750751,0.266728931626053
-38.1789247287287,0.218466509852195
-39.4848275615616,0.168840018433935
-40.8249905945946,0.117708203401689
-42.2522231451451,0.0646790888096327
-43.8595465665666,0.00901248210896008
-45.7800793123123,-0.0504279774951159
-48.1745264464464,-0.115129973582003
-51.2043901001001,-0.186761990923034
-54.9931051651652,-0.266869361489657
-59.5818413413413,-0.356462588160248
-64.8909310910911,-0.455560806831293
-70.6992354054054,-0.562775445665792
-76.6505775775776,-0.675011165680019
-82.288508008008,-0.787328802371211
-87.1110726726727,-0.893055025141509
-90.6312188888889,-0.984639093236033
-92.4291691691692,-1.05640033005901
-92.1904952552553,-1.10774846378667
-89.731477957958,-1.14291158585694
-85.0169705205205,-1.16407330885829
-78.1723556756757,-1.17237064948124
-69.4845798898899,-1.17218726384716
-59.3843829429429,-1.17100131778848
-48.4060987417417,-1.16846553814531
-37.1303297597598,-1.16398248225546
-26.1213852922923,-1.15690181040101
-15.8701962762763,-1.14632333621256
-6.74735789189189,-1.12998211802346
1.03146374194194,-1.10508492054666
7.40680243243243,-1.0727749403007
12.5016085045045,-1.03637291852727
16.5170651711712,-0.998250648784253
19.6737965765766,-0.959543832406296
22.1589576356356,-0.920765888486825
24.1144299299299,-0.882193201618828
25.6549893453453,-0.843949219107518
26.8881074174174,-0.805976108885815
27.9180533083083,-0.768047430473154
28.8375531531532,-0.72984489981723
29.7193010560561,-0.691042640337011
30.6142308108108,-0.651354215797256
31.5552953093093,-0.610541824512484
32.5624776056056,-0.568409785139565
33.6463047177177,-0.524800141276329
34.8097176576577,-0.479594105015407
36.04909397998,-0.432716439617962
37.3550659139139,-0.384139616552018
38.7136148378378,-0.333884702879948
40.1079839079079,-0.282014782807052
41.5224343343343,-0.22861255129579
42.9488782942943,-0.173732311555073
44.3969413203203,-0.117318788931337
45.9062706666667,-0.0590970902071716
47.5577296126126,0.00154428864760422
49.4781561561562,0.0656364035925106
51.8333596056056,0.134629720241381
54.8058041441441,0.210265999169735
58.5572369169169,0.294297252547263
63.181438998999,0.38805797007536
68.6573295795796,0.491932375811473
74.815817977978,0.604781582011839
81.3326063363363,0.723385221809738
87.7525957957958,0.841938677268995
93.5412431231231,0.951965111267336
98.1495222222222,1.04453905926165
101.076418738739,1.11606811186555
101.918243483483,1.1689223940329
100.402757247247,1.20639519050154
96.4125614414415,1.23037152121026
90.0013951951952,1.24152736930931
81.4011825425426,1.24147939352445
71.0122725825826,1.24046419079642
59.3705295495495,1.23813507150839
47.092736997998,1.23392886589169
34.8101735135135,1.22724273030037
23.102869956957,1.21748825163246
12.4426929149149,1.20393092454877
3.14894945675676,1.18447595721035
-4.63793206326326,1.1561554029485
-10.9532043293293,1.12007720311299
-15.9661112312312,1.07977591994644
-19.9089345055055,1.03767882030748
-23.0073373213213,0.994954928592795
-25.4435654684685,0.95216158246973
-27.3591565065065,0.909581966120388
-28.8761461381381,0.86728868733212
-30.1110131891892,0.825145058506765
-31.1726304814815,0.782859051373087
-32.1526377477478,0.740077709672162
-33.1193938888889,0.696464533211187
-34.1190390670671,0.651732599649427
-35.1805314774775,0.605645786157468
-36.3205272072072,0.558011973415088
-37.5463882522523,0.508681249577404
-38.8577402202202,0.457549405194991
-40.2474495615616,0.404562963432004
-41.7026322482482,0.349722375274534
-43.2062357367367,0.293079550748913
-44.7399853813814,0.234723356035583
-46.289898008008,0.174742752235517
-47.8552728048048,0.11315786158092
-49.4610462972973,0.0498156776638167
-51.1711359199199,-0.0157359930444727
-53.0980468008008,-0.0843619857792872
-55.4026437537538,-0.157388971915148
-58.2789292392392,-0.236535319782912
-61.921588028028,-0.323676688455144
-66.4790068768769,-0.42042697287132
-71.9999514314314,-0.527541043244747
-78.3871541541541,-0.64416082203921
-85.3726616216216,-0.76690653808882
-92.5259064064064,-0.888894773450461
-99.2959449449449,-0.999980632154459
-105.077731411411,-1.09223891914908
-109.285045645646,-1.16549442299797
-111.413583583584,-1.22169233831309
-111.086683723724,-1.26207614793516
-108.085643903904,-1.2886713919126
-102.37095007007,-1.30248063523331
-94.0963540540541,-1.30454030062317
-83.609781961962,-1.30388898377353
-71.4316245645646,-1.30176056988891
-58.2061064624625,-1.29775722708324
-44.6321718948949,-1.29130392504931
-31.3882226526527,-1.28188545244495
-19.0635894294294,-1.26900572569117
-8.102304,-1.25203684099039
1.23817408698699,-1.22884553088898
8.88816291891892,-1.19639156973892
14.9968892342342,-1.1561449398328
19.8071847927928,-1.1118048768998
23.5848525225225,-1.06571008687906
26.5552237797798,-1.01899127659114
28.8890870560561,-0.972227677726303
30.7245381381381,-0.925690799990031
32.1907421471471,-0.879375533809326
33.412859029029,-0.833044536284784
34.5020725225225,-0.786334897738157
35.5454610650651,-0.73886708363104
36.6039716216216,-0.690305525680123
37.7169801921922,-0.640371731832778
38.9083147767768,-0.588837515784356
40.1904779339339,-0.53552032671294
41.5668981441441,-0.480285391837256
43.033165025025,-0.423051281645839
44.5780181121121,-0.363795142627953
46.1846633153153,-0.302553979426111
47.8330625205205,-0.239417001599319
49.5044168568569,-0.17449911111344
51.1890700600601,-0.107884059096134
52.8984832752753,-0.0395286530129855
54.6798629369369,0.0308659898474223
56.6294352612613,0.103988660992067
58.8980358858859,0.181006731936851
61.6826928128128,0.263547192730846
65.2000083783784,0.353509323930358
69.6416852052052,0.452663134803135
75.1183902602603,0.562003258893457
81.6041403003003,0.680822742896815
88.8971221221221,0.805443814714999
96.6114071471471,0.927919757292524
104.206207507508,1.03782012025236
111.047071231231,1.13034901494111
116.483112222222,1.20617735690428
119.921174774775,1.26513379695422
120.884232402402,1.30764362005158
119.051674634635,1.33588271439449
114.28680036036,1.35172934335746
106.655858978979,1.35645754462753
96.4361024524525,1.35597019679041
84.1039206006006,1.35408315509413
70.2955898198198,1.35033165569036
55.7424233853854,1.34412062269099
41.1920386576577,1.33501443507071
27.330567047047,1.32267175353045
14.7154357167167,1.30670821925763
3.72306731351351,1.28652851665312
-5.48196749389389,1.25972991776978
-12.942868968969,1.22307415297052
-18.8610654654655,1.17854937231132
-23.5121968748749,1.13001868623144
-27.1637723483483,1.07979830918301
-30.0317494054054,1.02901724910154
-32.2838046776777,0.978232547655749
-34.0644192192192,0.927639325142933
-35.5113579459459,0.877132086456298
-36.7532641481481,0.826395461090391
-37.8983257207207,0.7750291434693
-39.0271776636637,0.72264627439242
-40.1941917067067,0.668916089570358
-41.4334446126126,0.613567094211666
-42.7644917117117,0.556379952902191
-44.1959274954955,0.497185956105422
-45.7272335805806,0.435871595082085
-47.3499406606607,0.372384882356777
-49.0488254734735,0.306739483094833
-50.8037798538539,0.239012185844038
-52.5932806876877,0.169326280627806
-54.4008712872873,0.0978088603811904
-56.225718048048,0.0245110267802885
-58.097102,-0.050712012794066
-60.0900486946947,-0.128343429595401
-62.336547035035,-0.209326766056721
-65.0252081951952,-0.295101929802185
-68.383332032032,-0.387480737122097
-72.638785955956,-0.488287117289521
-77.9649085885886,-0.59868524994629
-84.4180615215215,-0.718085059338326
-91.8833772172172,-0.842512793215998
-100.046087837838,-0.963353981317543
-108.401235235235,-1.07155373171065
-116.303381881882,-1.16499678202569
-123.04439015015,-1.24285037248633
-127.938872402402,-1.30331861799554
-130.397997997998,-1.34697328559206
-129.982872192192,-1.37636628104581
-126.43980984985,-1.3939844047223
-119.72492961962,-1.40112084602233
-110.020352432432,-1.4008558478668
-97.734984034034,-1.3992555427003
-83.4788661861862,-1.39580238076611
-68.0061141831832,-1.38980286502312
-52.13401403003,-1.38076063390129
-36.655060013013,-1.36846528719661
-22.2569825825826,-1.35277318737578
-9.45725010810811,-1.3333814792978
1.44488443203203,-1.30960496521348
10.3695234054054,-1.27844461564214
17.492169963964,-1.23681380201274
23.0973044144144,-1.18763069541965
27.4959084684685,-1.13477680403839
30.9514899239239,-1.08040523466513
33.6637441821822,-1.02558774825844
35.7940869309309,-0.970825194543263
37.4933768768769,-0.916200924709253
38.9076647497497,-0.861483117094775
40.1665918918919,-0.806272339654537
41.3716210740741,-0.750139996922739
42.5937124324324,-0.692704619893018
43.8786650750751,-0.633649858104338
45.2541519479479,-0.572717936029863
46.7346511501502,-0.509705015876264
48.3240786306306,-0.444464297695027
50.0172360700701,-0.376913032430359
51.8009703103103,-0.30703913881268
53.6557117927928,-0.234903268312205
55.5581411331331,-0.160630597440967
57.4863993793794,-0.0843809673655648
59.4292618258258,-0.00628443042372758
61.4000252302302,0.0736669365410423
63.4534552072072,0.155762243017944
65.7011409099099,0.240714862939869
68.3179156156156,0.329740027130404
71.53202602002,0.424482207223897
75.5942126126126,0.526692867689981
80.7261334934935,0.637536469465571
87.0553415215215,0.756346812352351
94.550951021021,0.878767325235221
102.978426266266,0.996221873824591
111.890207957958,1.10226426766741
120.659819219219,1.19583324904201
128.552899339339,1.27409106545259
134.816702222222,1.33461989781881
138.765930810811,1.37860560061929
139.850221321321,1.4090064087576
137.700592022022,1.42834301969414
132.161039279279,1.43779184733522
123.310322762763,1.43794084218058
111.471022362362,1.43686749745446
97.1955686186186,1.43391406034208
81.2206500900901,1.42845637033929
64.3921097727728,1.41982952177276
47.5739038018018,1.4077556936022
31.5582641371371,1.39230588963893
16.9881785185185,1.37352198540595
4.29718517027027,1.35112762552769
-6.32600292452452,1.32422002492492
-14.9325336086086,1.28893837751811
-21.7560196996997,1.24252411361823
-27.1154592442442,1.18873870919637
-31.3202073753754,1.13152933530254
-34.6199333423423,1.07297547460851
-37.2084528488489,1.01407358893817
-39.2526923003003,0.95521051108135
-40.9117027027027,0.896342024920674
-42.3338978148148,0.837143307878507
-43.6440136936937,0.777173789280134
-44.9349614384384,0.716000548051124
-46.2693443463463,0.653252259288508
-47.6863577477477,0.588625152306152
-49.2084562162162,0.521876051626736
-50.8454667387387,0.452821453704969
-52.5967269409409,0.381343519882855
-54.4524317597598,0.30739807642778
-56.3950186986987,0.23102017633855
-58.401323970971,0.15232217708144
-60.446575993994,0.0714759561641946
-62.5118445665666,-0.0113341399498945
-64.5961632912913,-0.0959994162272519
-66.7331577027027,-0.182617633869901
-69.0089614694695,-0.271642640972162
-71.5750472692693,-0.363995925878333
-74.6477726366366,-0.461049200779596
-78.4877348248248,-0.564356826619917
-83.3559838838839,-0.674969621326947
-89.4508103003003,-0.792097569128479
-96.8361716116116,-0.911226895213228
-105.37960028028,-1.02475971800332
-114.719514054054,-1.1288609369155
-124.276564064064,-1.22210381252369
-133.310818818819,-1.30010722066919
-141.011048888889,-1.36045214861527
-146.592699159159,-1.40501141261492
-149.382412412412,-1.43695632506394
-148.879060660661,-1.45847612937804
-144.793975795796,-1.47053797620935
-137.078909169169,-1.47349550383167
-125.944350810811,-1.47272336249399
-111.860186106106,-1.47020626100335
-95.5261078078078,-1.46526176100586
-77.8061219039039,-1.45705053446449
-59.6358561651652,-1.44506959276691
-41.9218973733734,-1.4293518139397
-25.4503757357357,-1.41026495226852
-10.8121962162162,-1.3879644249253
1.65159477707708,-1.36210561470002
11.8508838918919,-1.33128015266022
19.9874506936937,-1.29041703469198
26.387424036036,-1.23821073806366
31.4069644144144,-1.17941146307422
35.3477560680681,-1.11770763556127
38.4384013083083,-1.05495268543041
40.8636357237237,-0.991994866425795
42.7960116066066,-0.929054021947394
44.4024704704705,-0.865924420067471
45.8311112612613,-0.802179683170909
47.1977810830831,-0.737347348038533
48.5834532432432,-0.671003609752529
50.040349957958,-0.602797407628019
51.5999891191191,-0.532444727628457
53.2788243663664,-0.459724423055926
55.0812591171171,-0.384482671474088
57.0013071151151,-0.306641898284286
59.0239225085085,-0.226209377838525
61.1267602702703,-0.143280908408668
63.2832197457458,-0.0580332436401984
65.4683819019019,0.029307291672646
67.6694535915916,0.118533853495346
69.9015671851852,0.209574232168599
72.2270474774775,0.302637986718631
74.7728465585586,0.398346747809832
77.7377953453453,0.497754429702873
81.3813592272272,0.602118512110506
85.9884168468468,0.712218080770681
91.8105817817818,0.826977026777047
98.9922927827828,0.941874205279864
107.497761741742,1.05102137928508
117.05973041041,1.15265816712397
127.169008768769,1.24442424344397
137.113430930931,1.32115723820288
146.058727447447,1.38090228020872
153.150292222222,1.42606871346298
157.610686846847,1.45971097954266
158.81621024024,1.4835337471421
156.349509409409,1.49827186307721
150.035278198198,1.50409098987911
139.964786546547,1.50368715527006
126.505942272272,1.5017049517029
110.287216636637,1.49750674326381
92.1457103603604,1.49016456501983
73.0417961601602,1.47891632489072
53.9557689459459,1.46352901424925
35.7859612272272,1.44437993287923
19.2609213203203,1.42206921082646
4.87130302702703,1.39674180523838
-7.17003835515515,1.36785671445023
-16.9221982482483,1.33300993219447
-24.6509739339339,1.28623096028552
-30.7187216136136,1.22823492704907
-35.4766424024024,1.16443230525961
-39.2081172792793,1.0982319156689
-42.13310102002,1.03124173511772
-44.4409653813814,0.964103021868142
-46.3120474594595,0.896855593195587
-47.9145314814815,0.829173827398464
-49.3897016666667,0.760580732512598
-50.8427452132132,0.690599786773708
-52.344496985986,0.618821480991397
-53.9392708828829,0.544912619923253
-55.6524207207207,0.468609877119929
-57.495005981982,0.389719857044235
-59.4662203013013,0.308126990488467
-61.5549228588589,0.223803889962111
-63.7412119239239,0.136819319169745
-65.9988680880881,0.0473383309879603
-68.2998713003003,-0.0443944385233486
-70.6228178458458,-0.138102520169729
-72.9666085345345,-0.233567650745573
-75.3692134054054,-0.330759334214808
-77.9278742442443,-0.42996701560715
-80.8135475035035,-0.531848873641192
-84.2703370780781,-0.637247238301568
-88.5921376176176,-0.746545065430125
-94.0731818118118,-0.858370220879052
-100.936712012012,-0.96860284464384
-109.254281701702,-1.07345728315346
-118.875823343343,-1.17241592406224
-129.39294027027,-1.26229189921133
-140.151892892893,-1.33770690182988
-150.318255755756,-1.3972113414257
-158.977707627628,-1.44347878802822
-165.246525915916,-1.47926214452054
-168.366826826827,-1.50581184259981
-167.775249129129,-1.52354173076221
-163.148141741742,-1.53248754103591
-154.432888718719,-1.53264712699798
-141.868349189189,-1.53136717871912
-125.985388178178,-1.52797811585988
-107.573349429429,-1.52167859475686
-87.6061296246246,-1.51147072397557
-67.1376983003003,-1.49674815919521
-47.1887347337337,-1.4776178533848
-28.6437688888889,-1.45482484757521
-12.1671423243243,-1.42913547617958
1.85830512212212,-1.40055957913989
13.3322443783784,-1.3682483239658
22.4827314234234,-1.32807646325164
29.6775436576577,-1.2741807636269
35.3180203603604,-1.21008510534885
39.7440222122122,-1.14125162556918
43.2130584344344,-1.07060202880981
45.9331845165165,-0.999439966044027
48.0986463363363,-0.928158141534024
49.8972761911912,-0.85658924056317
51.4956306306306,-0.784284502918412
53.0239410920921,-0.710729961627256
54.573194054054,-0.635461583827422
56.2020348408408,-0.558096188464404
57.9458262902903,-0.478327001298293
59.8229975825826,-0.395920332131784
61.8384396036036,-0.310721915796003
63.9853781601602,-0.222668506641063
66.2468747067067,-0.131799596588459
68.5978087477478,-0.0382644265777814
71.0082983583584,0.0576822398782479
73.4503644244244,0.15570861535657
75.9096453573574,0.255471913614328
78.4031091401401,0.356726319451701
81.0006397477478,0.45944594823718
83.8445522072072,0.563883818474869
87.1576750750751,0.670412494121569
91.2306924344344,0.778920848953348
96.3826210810811,0.887707209154959
102.89503007007,0.993325032441608
110.929244044044,1.09403509684028
120.444572462462,1.18989286289825
131.141034554555,1.27719284304174
142.44780957958,1.35082409890977
153.567042642643,1.40990068886574
163.564555555556,1.45715151526366
171.483882222222,1.49492686666371
176.455442882883,1.52405978810529
177.782199159159,1.54464904621251
174.998426796797,1.5566577467327
167.909517117117,1.55999094836839
156.61925033033,1.55917112801621
141.540862182182,1.55648639888283
123.378864654655,1.55121555024563
103.070770630631,1.54229229511931
81.6914825475476,1.52880177076016
60.3376340900901,1.51043332663494
40.0136583173173,1.48769726743168
21.5336641221221,1.46164277328521
5.44542088378378,1.4330242275009
-8.01407378578578,1.40155099616277
-18.9118628878879,1.36566043662232
-27.5459281681682,1.31910921617215
-34.321983982983,1.25789091095736
-39.6330774294294,1.18785471556899
-43.7963012162162,1.11408740064583
-47.0577491911912,1.03900012539118
-49.6292384624625,0.963552073283985
-51.7123922162162,0.887887118976187
-53.4951651481482,0.811685385184155
-55.1353896396396,0.734436130820774
-56.750528987988,0.655621191444398
-58.4196496256256,0.574795219857762
-60.192184018018,0.491598835794119
-62.0963852252252,0.405753122823758
-64.1445452252252,0.317061237334562
-66.3357136616617,0.225419037597824
-68.657413957958,0.130829066624472
-71.0874051491491,0.033412918262139
-73.5964122052052,-0.0665833813695057
-76.1531666066066,-0.168799743935135
-78.7337911251251,-0.272801388854979
-81.3370537777778,-0.378154222545255
-84.0052691081081,-0.484521090217471
-86.846787019019,-0.59171218096136
-90.0520477377377,-0.699546819601585
-93.8929015195195,-0.807332299016251
-98.6965404104104,-0.913106758067384
-104.79037973974,-1.01438637838493
-112.422613723724,-1.11116675195485
-121.672391791792,-1.20374518601343
-132.372046406406,-1.2883556452949
-144.066366486486,-1.36038949901353
-156.027221721722,-1.41936068686813
-167.325692692693,-1.46787570629255
-176.944366366366,-1.5078734884731
-183.900352672673,-1.53980160135635
-187.351241241241,-1.56347991236642
-186.671437597598,-1.57874059283682
-181.502307687688,-1.58544057012233
-171.786868268268,-1.5851354903825
-157.792347567568,-1.58315319790907
-140.11059025025,-1.57890446655158
-119.620591051051,-1.57135764516598
-97.4061373453453,-1.55937207189069
-74.6395404354354,-1.54218579596322
-52.4555720940941,-1.51986176066752
-31.837162042042,-1.49335315902617
-13.5220884324324,-1.463955434737
2.06501546716717,-1.43224056490344
14.8136048648649,-1.39752571239727
24.9780121531532,-1.35680070673591
32.9676632792793,-1.30177606380585
39.2290763063063,-1.23278595390788
44.1402883563564,-1.15688820095035
47.9877155605606,-1.07831002332444
51.0027333093093,-0.998893509992362
53.4012810660661,-0.919224942310893
55.3920819119119,-0.839179298497961
57.16015,-0.758285719171533
58.791251,-0.676399801080886
60.44193,-0.592712755129578
62.177002,-0.506817005795674
64.035266,-0.418393315547245
66.036657,-0.327208137757712
68.186094,-0.233121922103223
70.475626,-0.136103797053238
72.886154,-0.0362473875254444
75.389671,0.0662168313537793
77.953066,0.170918524834802
80.54546,0.277365626128175
83.151026,0.384992966222127
85.788287,0.493235493248637
88.533522,0.601575330054522
91.541757,0.709444048069262
95.05515,0.815831663610414
99.388726,0.91883696108055
104.88697,1.01669333898977
111.85216,1.11012330110651
120.45469,1.199836655161
130.64509,1.28275482282179
142.09316,1.35458122514643
154.17699,1.41438692344177
166.0319,1.46435210194137
176.64972,1.50631790059421
185.00259,1.54067717535561
190.16072,1.56713753544416
191.38407,1.5853800008355
188.18453,1.59524874768265
180.36732,1.59666147087705
168.05868,1.59547690101018
151.71601,1.59223921832228
132.10663,1.58619768108415
110.24379,1.57620702481211
87.283199,1.56124344620718
64.398821,1.54091719680348
42.661307,1.51577961943805
22.934041,1.48711952021127
5.7933711,1.4561322387492
-8.5170848,1.42286951550877
-20.077525,1.38604181314152
-29.21272,1.34040891183344
-36.360193,1.27887377566001
-41.942208,1.20623237156681
-46.298947,1.12881175759035
-49.694177,1.0497167739101
-52.354392,0.970177412784024
-54.494388,0.890431158587137
-56.313667,0.810178045001865
-57.979215,0.728899694889312
-59.614909,0.646064571268955
-61.303813,0.561216973452096
-63.097578,0.473992557430852
-65.02546,0.384113291092101
-67.099896,0.291389647315245
-69.319433,0.195732307267432
-71.670592,0.0971676295269878
-74.129768,-0.00414803411891217
-76.666127,-0.10792029809197
-79.246889,-0.213723222342186
-81.847094,-0.321032335550306
-84.465402,-0.429287907383672
-87.145653,-0.537965726426834
-89.999938,-0.646574790569984
-93.224866,-0.754432987334402
-97.100423,-0.86014574315773
-101.96261,-0.961538050190446
-108.14627,-1.05776987972
-115.90319,-1.15021876522149
-125.31002,-1.23795386014864
-136.18916,-1.31665512879501
-148.06821,-1.38317305531719
-160.1965,-1.43842003380063
-171.6205,-1.48478519900133
-181.29992,-1.52339883498431
-188.23407,-1.55422050916003
-191.57,-1.57690060796722
-190.67972,-1.59119671494771
-185.21022,-1.59700529947103
-175.11743,-1.59656131665563
-160.68762,-1.59437717331314
-142.53613,-1.58985148514758
-121.56762,-1.58193589980651
-98.890987,-1.56947227623332
-75.700407,-1.5516872510886
-53.147177,-1.52865576531545
-32.22424,-1.50138256096434
-13.672638,-1.47126913188035
2.0858953,-1.43903439228185
14.948274,-1.40408778129257
25.179651,-1.36375956620937
33.200298,-1.30985909159006
39.46611,-1.24151268391249
44.362322,-1.16581867804358
48.180631,-1.08730264810446
51.156356,-1.0079446947587
53.508405,-0.928385602954539
55.447585,-0.848522625964375
57.16015,-0.767895685984222
58.791251,-0.685956941512297
60.44193,-0.602210060847719
62.177002,-0.516248989928245
64.035266,-0.427755023292647
66.036657,-0.336494479362312
68.186094,-0.242327133518155
70.475626,-0.145220910375749
72.886154,-0.0452676152260632
75.389671,0.0573049073862479
77.953066,0.162130117415126
80.54546,0.268721526958548
83.151026,0.376522440930559
85.788287,0.484981215734744
88.533522,0.593601987696951
91.541757,0.701852377988937
95.05515,0.808772669306432
99.388726,0.912484457388105
104.88697,1.0111125414086
111.85216,1.10524665899425
120.45469,1.1956676434621
130.64509,1.27936156192551
142.09316,1.35194437138869
154.17699,1.4123614410052
166.0319,1.46277366818105
176.64972,1.50507164680607
185.00259,1.53968765347977
190.16072,1.56634751836599
191.38407,1.58474062395424
188.18453,1.59470688393233
180.36732,1.596184668069
168.05868,1.59500992021807
151.71601,1.59178436035918
132.10663,1.58575730343309
110.24379,1.5757835410951
87.283199,1.56083915796575
64.398821,1.54053421993559
42.661307,1.51541945486846
22.934041,1.48678167302751
5.7933711,1.4558112427609
-8.5170848,1.42255326937152
-20.077525,1.38571134878674
-29.21272,1.34001105110312
-36.360193,1.27839592632325
-41.942208,1.20571257607555
-46.298947,1.12827387559423
-49.694177,1.04917174086525
-52.354392,0.969630383552863
-54.494388,0.889884744145733
-56.313667,0.809633664236538
-57.979215,0.728358178166618
-59.614909,0.64552645101712
-61.303813,0.560682633475521
-63.097578,0.473462315463839
-65.02546,0.383587449702697
-67.099896,0.290868530653242
-69.319433,0.1952162931667
-71.670592,0.096657183360132
-74.129768,-0.00465231785065971
-76.666127,-0.10841763882604
-79.246889,-0.214212569306073
-81.847094,-0.321512235447135
-84.465402,-0.429756284706598
-87.145653,-0.538419503773463
-89.999938,-0.647009237612408
-93.224866,-0.754840791758857
-97.100423,-0.86051685427571
-101.96261,-0.961864353156225
-108.14627,-1.05805300619809
-115.90319,-1.1504626215069
-125.31002,-1.23815614275299
-136.18916,-1.31681412807004
-148.06821,-1.38329443382059
-160.1965,-1.43851373897934
-171.6205,-1.48485922028712
-181.29992,-1.52345811367204
-188.23407,-1.55426834019138
-191.57,-1.57693959585667
-190.67972,-1.59122911219396
-185.21022,-1.59703302647881
-175.11743,-1.59658850291777
-160.68762,-1.59440370286929
-142.53613,-1.5898772122938
-121.56762,-1.58196066802111
-98.890987,-1.56949594333097
-75.700407,-1.55170969344424
-53.147177,-1.52867688648788
-32.22424,-1.50140233292032
-13.672638,-1.47128771497354
2.0858953,-1.4390523056995
