B (T) - H (A/m),,,,,,,
Pid = 1,,,,,,,
Z = 0,,,,,,,
X = 0,,,,,,,
Y = 0,,,,,,,
,t,H x,B x,H y,B y,H z,B z
1,0,0,0,0,0,0,0.00E+00
2,0.17,2.73E-02,1.27E-04,-9.45E-19,-2.40E-17,0,0.00E+00
3,0.34,0.120388,5.60E-04,-2.00E-11,-3.99E-15,0,0.00E+00
4,0.51,0.21326,9.92E-04,6.49E-13,7.23E-14,0,0.00E+00
5,0.68,0.305921,1.43E-03,-1.11E-12,6.79E-14,0,0.00E+00
6,0.85,0.398372,1.86E-03,-6.33E-13,7.30E-14,0,0.00E+00
7,1.02,0.490613,2.29E-03,-4.85E-13,7.42E-14,0,0.00E+00
8,1.19,0.650681,3.04E-03,4.81E-13,7.49E-14,0,0.00E+00
9,1.36,0.907229,4.26E-03,1.17E-12,8.14E-14,0,0.00E+00
10,1.53,1.162168,5.47E-03,3.50E-12,1.03E-13,0,0.00E+00
11,1.7,1.415515,6.68E-03,2.37E-12,9.06E-14,0,0.00E+00
12,1.87,1.667288,7.90E-03,1.99E-12,8.36E-14,0,0.00E+00
13,2.04,1.917506,9.11E-03,3.43E-12,8.28E-14,0,0.00E+00
14,2.21,2.22431,1.06E-02,4.79E-12,1.09E-13,0,0.00E+00
15,2.38,2.580264,1.24E-02,9.25E-12,1.26E-13,0,0.00E+00
16,2.55,2.933105,1.41E-02,1.19E-11,1.83E-13,0,0.00E+00
17,2.72,3.282882,1.59E-02,5.14E-12,1.29E-13,0,0.00E+00
18,2.89,3.629644,1.76E-02,1.11E-11,2.16E-13,0,0.00E+00
19,3.06,3.97344,1.94E-02,2.42E-11,2.90E-13,0,0.00E+00
20,3.23,4.336327,2.12E-02,2.09E-11,2.87E-13,0,0.00E+00
21,3.4,4.707918,2.32E-02,4.82E-12,1.82E-13,0,0.00E+00
22,3.57,5.076093,2.51E-02,3.28E-12,1.46E-13,0,0.00E+00
23,3.74,5.440911,2.70E-02,3.27E-13,7.81E-14,0,0.00E+00
24,3.91,5.802431,2.90E-02,-5.26E-12,8.27E-14,0,0.00E+00
25,4.08,6.160709,3.09E-02,-1.52E-11,3.60E-14,0,0.00E+00
26,4.25,6.480233,3.26E-02,4.30E-12,1.71E-13,0,0.00E+00
27,4.42,6.786282,3.43E-02,-4.75E-12,9.44E-14,0,0.00E+00
28,4.59,7.09,3.60E-02,7.84E-12,2.19E-13,0,0.00E+00
29,4.76,7.391423,3.76E-02,1.38E-11,3.16E-13,0,0.00E+00
30,4.93,7.690584,3.93E-02,1.55E-13,1.26E-13,0,0.00E+00
31,5.1,7.987517,4.10E-02,-9.13E-12,1.03E-13,0,0.00E+00
32,5.27,8.109874,4.21E-02,-3.51E-12,1.76E-13,0,0.00E+00
33,5.44,8.181973,4.31E-02,3.11E-12,2.52E-13,0,0.00E+00
34,5.61,8.25398,4.40E-02,9.41E-12,3.62E-13,0,0.00E+00
35,5.78,8.325851,4.50E-02,2.13E-11,2.92E-13,0,0.00E+00
36,5.95,8.397587,4.60E-02,2.87E-12,2.60E-13,0,0.00E+00
37,6.12,8.469188,4.70E-02,1.08E-11,2.77E-13,0,0.00E+00
38,6.29,8.540657,4.70E-02,7.91E-12,4.10E-13,0,0.00E+00
39,6.46,8.535081,4.69E-02,2.92E-11,4.23E-13,0,0.00E+00
40,6.63,8.52962,4.68E-02,1.60E-11,4.11E-13,0,0.00E+00
41,6.8,8.524159,4.68E-02,2.36E-11,4.35E-13,0,0.00E+00
42,6.97,8.518699,4.67E-02,2.19E-11,4.16E-13,0,0.00E+00
43,7.14,8.513238,4.65E-02,2.02E-11,4.31E-13,0,0.00E+00
44,7.31,8.30625,4.52E-02,2.33E-11,4.02E-13,0,0.00E+00
45,7.48,8.185075,4.38E-02,1.66E-11,2.25E-13,0,0.00E+00
46,7.65,8.063824,4.25E-02,-5.65E-12,2.88E-14,0,0.00E+00
47,7.82,7.942627,4.11E-02,-2.00E-11,-4.91E-15,0,0.00E+00
48,7.99,7.821483,3.98E-02,-1.50E-11,2.76E-14,0,0.00E+00
49,8.16,7.461121,3.81E-02,-8.70E-12,1.12E-13,0,0.00E+00
50,8.33,6.877801,3.54E-02,-6.88E-12,-2.21E-14,0,0.00E+00
51,8.5,6.294998,3.27E-02,-2.00E-11,-6.58E-14,0,0.00E+00
52,8.67,5.712673,3.00E-02,-4.47E-12,1.83E-13,0,0.00E+00
53,8.84,5.130785,2.73E-02,-4.25E-12,1.47E-13,0,0.00E+00
54,9.01,4.549292,2.47E-02,-1.17E-11,8.03E-14,0,0.00E+00
55,9.18,3.876684,2.15E-02,-3.05E-11,-9.12E-14,0,0.00E+00
56,9.35,3.036004,1.76E-02,-4.18E-11,-1.47E-13,0,0.00E+00
57,9.52,2.195848,1.38E-02,-4.11E-11,-1.81E-13,0,0.00E+00
58,9.69,1.356095,9.86E-03,-4.22E-11,-1.84E-13,0,0.00E+00
59,9.86,0.516621,5.97E-03,-3.84E-11,-1.52E-13,0,0.00E+00
60,10.03,-0.321899,2.07E-03,-3.66E-11,-1.25E-13,0,0.00E+00
61,10.2,-1.232631,-2.23E-03,-2.73E-11,-5.24E-14,0,0.00E+00
62,10.37,-2.217242,-6.99E-03,-2.68E-11,-6.55E-14,0,0.00E+00
63,10.54,-3.178327,-1.18E-02,-3.21E-11,-9.75E-14,0,0.00E+00
64,10.71,-4.116896,-1.65E-02,-3.01E-11,-9.15E-14,0,0.00E+00
65,10.88,-5.033904,-2.13E-02,-2.10E-11,-3.61E-14,0,0.00E+00
66,11.05,-5.930263,-2.60E-02,-2.14E-11,-2.63E-14,0,0.00E+00
67,11.22,-6.845002,-3.10E-02,-3.50E-11,-6.12E-14,0,0.00E+00
68,11.39,-7.765345,-3.61E-02,-1.85E-11,1.53E-13,0,0.00E+00
69,11.56,-8.664789,-4.12E-02,-1.03E-11,2.08E-13,0,0.00E+00
70,11.73,-9.54426,-4.64E-02,-2.45E-11,1.49E-14,0,0.00E+00
71,11.9,-10.404638,-5.15E-02,-2.71E-11,6.62E-14,0,0.00E+00
72,12.07,-11.246767,-5.66E-02,-8.84E-12,3.12E-13,0,0.00E+00
73,12.24,-12.041465,-6.15E-02,2.24E-11,4.65E-13,0,0.00E+00
74,12.41,-12.808328,-6.64E-02,3.04E-11,4.97E-13,0,0.00E+00
75,12.58,-13.56081,-7.12E-02,2.20E-11,4.21E-13,0,0.00E+00
76,12.75,-14.299513,-7.61E-02,-1.63E-11,1.60E-13,0,0.00E+00
77,12.92,-15.025018,-8.09E-02,8.62E-12,4.73E-13,0,0.00E+00
78,13.09,-15.737882,-8.58E-02,2.06E-11,2.43E-13,0,0.00E+00
79,13.26,-16.328597,-8.99E-02,6.40E-12,1.63E-13,0,0.00E+00
80,13.43,-16.887552,-9.38E-02,-1.69E-11,-8.86E-14,0,0.00E+00
81,13.6,-17.439164,-9.77E-02,1.36E-11,4.08E-13,0,0.00E+00
82,13.77,-17.98369,-0.101633,3.48E-11,6.14E-13,0,0.00E+00
83,13.94,-18.521383,-0.105552,6.57E-11,8.64E-13,0,0.00E+00
84,14.11,-19.052486,-0.109472,6.25E-11,8.60E-13,0,0.00E+00
85,14.28,-19.270632,-0.111926,6.97E-11,9.90E-13,0,0.00E+00
86,14.45,-19.401541,-0.114288,8.01E-11,1.10E-12,0,0.00E+00
87,14.62,-19.532245,-0.11665,8.69E-11,1.10E-12,0,0.00E+00
88,14.79,-19.662683,-0.119012,8.03E-11,1.21E-12,0,0.00E+00
89,14.96,-19.792865,-0.121373,9.86E-11,1.30E-12,0,0.00E+00
90,15.13,-19.922799,-0.123617,9.60E-11,1.12E-12,0,0.00E+00
91,15.3,-20.030305,-0.123921,7.16E-11,1.13E-12,0,0.00E+00
92,15.47,-20.046887,-0.124225,8.56E-11,1.31E-12,0,0.00E+00
93,15.64,-20.063551,-0.124529,1.02E-10,1.55E-12,0,0.00E+00
94,15.81,-20.080211,-0.124833,1.23E-10,1.50E-12,0,0.00E+00
95,15.98,-20.096867,-0.125137,1.03E-10,1.55E-12,0,0.00E+00
96,16.15,-20.113519,-0.125029,1.22E-10,1.72E-12,0,0.00E+00
97,16.32,-20.008543,-0.122978,1.32E-10,1.88E-12,0,0.00E+00
98,16.49,-19.813677,-0.120927,1.49E-10,2.04E-12,0,0.00E+00
99,16.66,-19.619309,-0.118876,1.62E-10,2.24E-12,0,0.00E+00
100,16.83,-19.425285,-0.116825,1.84E-10,2.27E-12,0,0.00E+00
101,17,-19.231601,-0.114774,1.72E-10,2.27E-12,0,0.00E+00
102,17.17,-18.742467,-0.112022,1.80E-10,2.57E-12,0,0.00E+00
103,17.34,-17.735935,-0.107578,2.33E-10,2.94E-12,0,0.00E+00
104,17.51,-16.733599,-0.103135,2.48E-10,2.86E-12,0,0.00E+00
105,17.68,-15.735266,-9.87E-02,2.44E-10,2.90E-12,0,0.00E+00
106,17.85,-14.740743,-9.42E-02,2.19E-10,2.62E-12,0,0.00E+00
107,18.02,-13.749838,-8.98E-02,2.18E-10,2.71E-12,0,0.00E+00
108,18.19,-12.566558,-8.45E-02,2.16E-10,2.77E-12,0,0.00E+00
109,18.36,-11.108008,-7.79E-02,2.14E-10,2.76E-12,0,0.00E+00
110,18.53,-9.655889,-7.13E-02,1.81E-10,2.54E-12,0,0.00E+00
111,18.7,-8.209589,-6.47E-02,1.88E-10,2.40E-12,0,0.00E+00
112,18.87,-6.768499,-5.81E-02,1.93E-10,2.65E-12,0,0.00E+00
113,19.04,-5.332015,-5.15E-02,1.85E-10,2.42E-12,0,0.00E+00
114,19.21,-3.713002,-4.41E-02,1.80E-10,2.38E-12,0,0.00E+00
115,19.38,-1.93205,-3.58E-02,1.75E-10,2.41E-12,0,0.00E+00
116,19.55,-0.155105,-2.76E-02,1.64E-10,2.39E-12,0,0.00E+00
117,19.72,1.60402,-1.94E-02,1.54E-10,2.35E-12,0,0.00E+00
118,19.89,3.292821,-1.12E-02,1.51E-10,2.41E-12,0,0.00E+00
119,20.06,4.911439,-2.94E-03,1.20E-10,2.79E-12,0,0.00E+00
120,20.23,6.568259,5.84E-03,1.42E-10,2.92E-12,0,0.00E+00
121,20.4,8.210612,1.49E-02,1.32E-10,2.88E-12,0,0.00E+00
122,20.57,9.785005,2.40E-02,1.32E-10,2.93E-12,0,0.00E+00
123,20.74,11.296609,3.31E-02,1.15E-10,2.88E-12,0,0.00E+00
124,20.91,12.750174,4.22E-02,9.59E-11,2.71E-12,0,0.00E+00
125,21.08,14.150076,5.13E-02,1.15E-10,3.02E-12,0,0.00E+00
126,21.25,15.49296,6.03E-02,1.18E-10,2.97E-12,0,0.00E+00
127,21.42,16.788263,6.94E-02,1.07E-10,3.13E-12,0,0.00E+00
128,21.59,18.041787,7.84E-02,1.08E-10,2.93E-12,0,0.00E+00
129,21.76,19.256737,8.74E-02,1.14E-10,3.06E-12,0,0.00E+00
130,21.93,20.436116,9.64E-02,1.44E-10,3.69E-12,0,0.00E+00
131,22.1,21.582747,0.105458,1.56E-10,3.50E-12,0,0.00E+00
132,22.27,22.583675,0.113538,7.77E-11,3.06E-12,0,0.00E+00
133,22.44,23.547017,0.121491,3.55E-12,2.34E-12,0,0.00E+00
134,22.61,24.490401,0.129444,-4.14E-11,1.68E-12,0,0.00E+00
135,22.78,25.4154,0.137397,-1.95E-10,3.97E-14,0,0.00E+00
136,22.95,26.323519,0.14535,-2.83E-10,-3.20E-13,0,0.00E+00
137,23.12,27.2162,0.153303,-2.07E-10,3.77E-13,0,0.00E+00
138,23.29,27.773187,0.159216,-9.53E-11,4.16E-13,0,0.00E+00
139,23.46,28.422004,0.165126,-1.82E-10,-6.92E-13,0,0.00E+00
140,23.63,29.064098,0.171036,-3.36E-10,-1.66E-12,0,0.00E+00
141,23.8,29.32827,0.176946,-4.17E-10,-1.42E-12,0,0.00E+00
142,23.97,29.592861,0.182858,-3.22E-10,-1.89E-12,0,0.00E+00
143,24.14,29.858035,0.188437,-4.48E-10,-1.97E-12,0,0.00E+00
144,24.31,30.07269,0.191485,-3.73E-10,-2.28E-12,0,0.00E+00
145,24.48,30.209642,0.194533,-4.52E-10,-2.44E-12,0,0.00E+00
146,24.65,30.346882,0.197581,-4.29E-10,-2.12E-12,0,0.00E+00
147,24.82,30.484368,0.200629,-4.03E-10,-2.11E-12,0,0.00E+00
148,24.99,30.622117,0.203677,-4.18E-10,-2.00E-12,0,0.00E+00
149,25.16,30.760146,0.205923,-3.87E-10,-2.26E-12,0,0.00E+00
150,25.33,30.774128,0.205541,-4.31E-10,-2.59E-12,0,0.00E+00
151,25.5,30.734113,0.205159,-4.44E-10,-2.16E-12,0,0.00E+00
152,25.67,30.694146,0.204777,-3.66E-10,-1.94E-12,0,0.00E+00
153,25.84,30.6542,0.204395,-3.85E-10,-1.88E-12,0,0.00E+00
154,26.01,30.614274,0.204013,-3.62E-10,-1.91E-12,0,0.00E+00
155,26.18,30.574369,0.202345,-3.83E-10,-2.06E-12,0,0.00E+00
156,26.35,30.153819,0.198304,-3.91E-10,-1.82E-12,0,0.00E+00
157,26.52,29.735136,0.194263,-3.46E-10,-1.76E-12,0,0.00E+00
158,26.69,29.318661,0.190222,-3.68E-10,-2.14E-12,0,0.00E+00
159,26.86,28.904347,0.186181,-4.13E-10,-2.50E-12,0,0.00E+00
160,27.03,28.492149,0.18214,-4.37E-10,-2.98E-12,0,0.00E+00
161,27.2,27.104401,0.176456,-4.61E-10,-3.36E-12,0,0.00E+00
162,27.37,25.280763,0.168915,-6.10E-10,-4.63E-12,0,0.00E+00
163,27.54,23.476187,0.161374,-6.23E-10,-4.37E-12,0,0.00E+00
164,27.71,21.689642,0.153833,-6.30E-10,-4.49E-12,0,0.00E+00
165,27.88,19.920113,0.146292,-6.53E-10,-5.37E-12,0,0.00E+00
166,28.05,18.166596,0.138751,-7.36E-10,-5.43E-12,0,0.00E+00
167,28.22,16.030103,0.129474,-6.95E-10,-4.74E-12,0,0.00E+00
168,28.39,13.637572,0.118976,-6.65E-10,-4.61E-12,0,0.00E+00
169,28.56,11.269236,0.108479,-6.41E-10,-4.64E-12,0,0.00E+00
170,28.73,8.922536,9.80E-02,-6.77E-10,-4.90E-12,0,0.00E+00
171,28.9,6.59495,8.75E-02,-6.62E-10,-4.65E-12,0,0.00E+00
172,29.07,4.283985,7.70E-02,-6.63E-10,-4.46E-12,0,0.00E+00
173,29.24,1.671853,6.50E-02,-5.97E-10,-4.01E-12,0,0.00E+00
174,29.41,-1.057007,5.25E-02,-6.01E-10,-4.03E-12,0,0.00E+00
175,29.58,-3.687392,3.99E-02,-5.66E-10,-4.08E-12,0,0.00E+00
176,29.75,-6.146494,2.74E-02,-5.33E-10,-4.11E-12,0,0.00E+00
177,29.92,-8.452469,1.48E-02,-4.99E-10,-4.08E-12,0,0.00E+00
178,30.09,-10.621186,2.29E-03,-4.46E-10,-4.01E-12,0,0.00E+00
179,30.26,-12.77919,-1.10E-02,-4.25E-10,-4.07E-12,0,0.00E+00
180,30.43,-14.837063,-2.44E-02,-3.98E-10,-4.13E-12,0,0.00E+00
181,30.6,-16.782437,-3.78E-02,-3.83E-10,-4.41E-12,0,0.00E+00
182,30.77,-18.627335,-5.12E-02,-3.80E-10,-4.56E-12,0,0.00E+00
183,30.94,-20.38259,-6.47E-02,-3.73E-10,-4.64E-12,0,0.00E+00
184,31.11,-22.058026,-7.81E-02,-3.23E-10,-4.42E-12,0,0.00E+00
185,31.28,-23.608601,-9.10E-02,-3.19E-10,-4.82E-12,0,0.00E+00
186,31.45,-25.097202,-0.103975,-3.25E-10,-5.26E-12,0,0.00E+00
187,31.62,-26.534249,-0.116907,-3.37E-10,-5.73E-12,0,0.00E+00
188,31.79,-27.926089,-0.129839,-3.64E-10,-6.32E-12,0,0.00E+00
189,31.96,-29.278655,-0.142772,-3.95E-10,-6.56E-12,0,0.00E+00
190,32.13,-30.586614,-0.155596,-3.91E-10,-6.46E-12,0,0.00E+00
191,32.3,-31.691286,-0.16665,-3.16E-10,-6.77E-12,0,0.00E+00
192,32.47,-32.778276,-0.177703,-3.82E-10,-7.26E-12,0,0.00E+00
193,32.64,-33.850576,-0.188757,-3.43E-10,-7.86E-12,0,0.00E+00
194,32.81,-34.91106,-0.199811,-3.23E-10,-7.51E-12,0,0.00E+00
195,32.98,-35.962496,-0.210864,-1.95E-10,-7.23E-12,0,0.00E+00
196,33.15,-36.955462,-0.221366,-7.88E-11,-6.20E-12,0,0.00E+00
197,33.32,-37.532632,-0.229267,-2.97E-11,-6.78E-12,0,0.00E+00
198,33.49,-37.84247,-0.237167,-2.70E-10,-7.78E-12,0,0.00E+00
199,33.66,-38.155968,-0.24507,-2.62E-10,-7.19E-12,0,0.00E+00
200,33.83,-38.473652,-0.252973,-2.02E-10,-6.43E-12,0,0.00E+00
201,34,-38.795819,-0.260876,-1.38E-10,-4.72E-12,0,0.00E+00
202,34.17,-39.122763,-0.26756,4.35E-11,-4.09E-12,0,0.00E+00
203,34.34,-39.279085,-0.271294,2.99E-11,-4.49E-12,0,0.00E+00
204,34.51,-39.436484,-0.275028,-1.74E-11,-5.86E-12,0,0.00E+00
205,34.68,-39.595081,-0.278762,-1.70E-10,-8.53E-12,0,0.00E+00
206,34.85,-39.754909,-0.282496,-4.04E-10,-9.48E-12,0,0.00E+00
207,35.02,-39.916,-0.28623,-4.32E-10,-8.41E-12,0,0.00E+00
208,35.19,-40.078386,-0.287994,-2.53E-10,-8.01E-12,0,0.00E+00
209,35.36,-39.951726,-0.286927,-3.06E-10,-8.38E-12,0,0.00E+00
210,35.53,-39.825,-0.285859,-3.31E-10,-8.49E-12,0,0.00E+00
211,35.7,-39.698505,-0.284791,-3.31E-10,-9.04E-12,0,0.00E+00
212,35.87,-39.57224,-0.283724,-4.23E-10,-8.34E-12,0,0.00E+00
213,36.04,-39.446204,-0.282656,-2.40E-10,-8.20E-12,0,0.00E+00
214,36.21,-39.320395,-0.278968,-3.44E-10,-7.76E-12,0,0.00E+00
215,36.38,-38.615233,-0.272937,-1.94E-10,-8.69E-12,0,0.00E+00
216,36.55,-37.916942,-0.266906,-4.51E-10,-8.94E-12,0,0.00E+00
217,36.72,-37.225516,-0.260875,-3.06E-10,-8.24E-12,0,0.00E+00
218,36.89,-36.540788,-0.254844,-2.87E-10,-8.41E-12,0,0.00E+00
219,37.06,-35.862591,-0.248812,-3.25E-10,-9.42E-12,0,0.00E+00
220,37.23,-33.456566,-0.239806,-4.29E-10,-9.86E-12,0,0.00E+00
221,37.4,-30.665857,-0.229168,-3.49E-10,-8.89E-12,0,0.00E+00
222,37.57,-27.927163,-0.21853,-2.93E-10,-8.95E-12,0,0.00E+00
223,37.74,-25.237269,-0.207892,-2.59E-10,-8.22E-12,0,0.00E+00
224,37.91,-22.59304,-0.197254,-2.00E-10,-7.90E-12,0,0.00E+00
225,38.08,-19.991421,-0.186615,-1.88E-10,-8.36E-12,0,0.00E+00
226,38.25,-16.744236,-0.173105,-2.72E-10,-8.42E-12,0,0.00E+00
227,38.42,-13.346872,-0.158704,-2.22E-10,-8.66E-12,0,0.00E+00
228,38.59,-10.008303,-0.144303,-1.93E-10,-7.93E-12,0,0.00E+00
229,38.76,-6.721669,-0.129902,-1.45E-10,-7.75E-12,0,0.00E+00
230,38.93,-3.48026,-0.1155,-1.63E-10,-8.02E-12,0,0.00E+00
231,39.1,-0.277499,-0.101099,-1.20E-10,-7.43E-12,0,0.00E+00
232,39.27,3.341973,-8.45E-02,-1.27E-10,-7.98E-12,0,0.00E+00
233,39.44,6.738871,-6.76E-02,-1.44E-10,-8.12E-12,0,0.00E+00
234,39.61,9.840141,-5.08E-02,-1.19E-10,-8.05E-12,0,0.00E+00
235,39.78,12.685578,-3.39E-02,-9.98E-11,-8.03E-12,0,0.00E+00
236,39.95,15.308713,-1.70E-02,-1.38E-10,-8.38E-12,0,0.00E+00
237,40.12,17.738456,-1.10E-04,-1.29E-10,-8.45E-12,0,0.00E+00
238,40.29,20.110696,1.76E-02,-1.14E-10,-8.47E-12,0,0.00E+00
239,40.46,22.321525,3.54E-02,-9.51E-11,-8.44E-12,0,0.00E+00
240,40.63,24.392859,5.31E-02,-9.23E-11,-8.48E-12,0,0.00E+00
241,40.8,26.344286,7.09E-02,-8.32E-11,-8.77E-12,0,0.00E+00
242,40.97,28.193373,8.86E-02,-1.19E-10,-8.88E-12,0,0.00E+00
243,41.14,29.945682,0.106294,-1.04E-10,-9.33E-12,0,0.00E+00
244,41.31,31.551243,0.123133,-1.10E-10,-9.87E-12,0,0.00E+00
245,41.48,33.103446,0.139973,-1.23E-10,-1.03E-11,0,0.00E+00
246,41.65,34.612927,0.156813,-2.32E-10,-9.48E-12,0,0.00E+00
247,41.82,36.089656,0.173653,5.81E-11,-8.00E-12,0,0.00E+00
248,41.99,37.543041,0.190493,8.38E-12,-8.18E-12,0,0.00E+00
249,42.16,38.92849,0.206705,2.27E-11,-8.40E-12,0,0.00E+00
250,42.33,40.133173,0.220859,-6.48E-12,-8.76E-12,0,0.00E+00
251,42.5,41.338386,0.235014,-8.57E-11,-9.33E-12,0,0.00E+00
252,42.67,42.548883,0.249168,-1.99E-10,-9.97E-12,0,0.00E+00
253,42.84,43.769296,0.263323,-1.93E-10,-9.57E-12,0,0.00E+00
254,43.01,45.004162,0.277477,7.70E-11,-9.32E-12,0,0.00E+00
255,43.18,45.866471,0.290129,8.48E-11,-1.07E-11,0,0.00E+00
256,43.35,46.235382,0.300023,-9.51E-11,-1.12E-11,0,0.00E+00
257,43.52,46.615166,0.309917,-6.37E-11,-1.14E-11,0,0.00E+00
258,43.69,47.00625,0.319811,-1.26E-10,-1.06E-11,0,0.00E+00
259,43.86,47.409243,0.329705,1.90E-11,-1.19E-11,0,0.00E+00
260,44.03,47.824761,0.339599,-2.08E-10,-1.32E-11,0,0.00E+00
261,44.2,48.253438,0.346925,-2.69E-10,-1.35E-11,0,0.00E+00
262,44.37,48.448624,0.351345,-2.46E-10,-1.34E-11,0,0.00E+00
263,44.54,48.646561,0.355765,-2.30E-10,-1.20E-11,0,0.00E+00
264,44.71,48.847357,0.360185,-5.94E-11,-1.27E-11,0,0.00E+00
265,44.88,49.051074,0.364605,-2.66E-10,-1.36E-11,0,0.00E+00
266,45.05,49.257771,0.369025,-2.48E-10,-1.37E-11,0,0.00E+00
267,45.22,49.467508,0.369823,-2.75E-10,-1.41E-11,0,0.00E+00
268,45.39,49.226009,0.36807,-2.74E-10,-1.39E-11,0,0.00E+00
269,45.56,48.985078,0.366317,-2.40E-10,-1.44E-11,0,0.00E+00
270,45.73,48.744976,0.364563,-3.58E-10,-1.44E-11,0,0.00E+00
271,45.9,48.505697,0.36281,-2.72E-10,-1.32E-11,0,0.00E+00
272,46.07,48.267236,0.361057,-1.14E-10,-1.32E-11,0,0.00E+00
273,46.24,48.029589,0.354888,-2.22E-10,-1.24E-11,0,0.00E+00
274,46.41,46.956445,0.346867,9.89E-12,-1.15E-11,0,0.00E+00
275,46.58,45.900199,0.338847,1.51E-11,-1.00E-11,0,0.00E+00
276,46.75,44.859838,0.330826,2.82E-10,-9.65E-12,0,0.00E+00
277,46.92,43.834917,0.322805,1.63E-10,-8.89E-12,0,0.00E+00
278,47.09,42.824996,0.314785,3.87E-10,-9.03E-12,0,0.00E+00
279,47.26,39.055957,0.302065,2.16E-10,-1.09E-11,0,0.00E+00
280,47.43,35.101934,0.288331,5.62E-11,-1.26E-11,0,0.00E+00
281,47.6,31.259441,0.274597,-4.82E-11,-1.31E-11,0,0.00E+00
282,47.77,27.520658,0.260863,-1.90E-11,-1.24E-11,0,0.00E+00
283,47.94,23.878071,0.247128,1.02E-11,-1.15E-11,0,0.00E+00
284,48.11,20.324451,0.233393,7.62E-11,-1.13E-11,0,0.00E+00
285,48.28,15.783612,0.215365,6.30E-11,-1.12E-11,0,0.00E+00
286,48.45,11.302618,0.197061,6.29E-11,-1.18E-11,0,0.00E+00
287,48.62,6.936363,0.178757,-6.07E-11,-1.23E-11,0,0.00E+00
288,48.79,2.670171,0.160453,-3.20E-11,-1.16E-11,0,0.00E+00
289,48.96,-1.510156,0.142148,-2.36E-11,-1.13E-11,0,0.00E+00
290,49.13,-5.546486,0.123675,1.04E-10,-1.08E-11,0,0.00E+00
291,49.3,-9.687758,0.102468,6.50E-11,-1.10E-11,0,0.00E+00
292,49.47,-13.374979,8.13E-02,9.10E-11,-1.14E-11,0,0.00E+00
293,49.64,-16.680744,6.00E-02,4.34E-11,-1.16E-11,0,0.00E+00
294,49.81,-19.6642,3.88E-02,4.39E-11,-1.17E-11,0,0.00E+00
295,49.98,-22.374497,1.76E-02,4.37E-11,-1.17E-11,0,0.00E+00
296,50.15,-24.870174,-3.75E-03,4.34E-11,-1.18E-11,0,0.00E+00
297,50.32,-27.241121,-2.58E-02,4.64E-11,-1.18E-11,0,0.00E+00
298,50.49,-29.435032,-4.79E-02,5.52E-11,-1.19E-11,0,0.00E+00
299,50.66,-31.482625,-7.00E-02,8.09E-11,-1.18E-11,0,0.00E+00
300,50.83,-33.411256,-9.21E-02,6.54E-11,-1.20E-11,0,0.00E+00
301,51,-35.245584,-0.114166,1.22E-10,-1.20E-11,0,0.00E+00
302,51.17,-36.977347,-0.13586,1.36E-10,-1.19E-11,0,0.00E+00
303,51.34,-38.586899,-0.156607,2.58E-10,-1.13E-11,0,0.00E+00
304,51.51,-40.16717,-0.177355,3.15E-10,-9.34E-12,0,0.00E+00
305,51.68,-41.733349,-0.198103,4.65E-10,-8.04E-12,0,0.00E+00
306,51.85,-43.299903,-0.218851,6.19E-10,-7.12E-12,0,0.00E+00
307,52.02,-44.880735,-0.239598,6.05E-10,-6.79E-12,0,0.00E+00
308,52.19,-46.377032,-0.258912,5.94E-10,-6.46E-12,0,0.00E+00
309,52.36,-47.742796,-0.276167,4.95E-10,-6.11E-12,0,0.00E+00
310,52.53,-49.143652,-0.293422,7.73E-10,-5.43E-12,0,0.00E+00
311,52.7,-50.586967,-0.310677,6.92E-10,-6.09E-12,0,0.00E+00
312,52.87,-52.08007,-0.327932,6.78E-10,-7.31E-12,0,0.00E+00
313,53.04,-53.630285,-0.345186,3.88E-10,-9.68E-12,0,0.00E+00
314,53.21,-54.646153,-0.359599,5.50E-10,-8.75E-12,0,0.00E+00
315,53.38,-55.11985,-0.371483,5.52E-10,-8.35E-12,0,0.00E+00
316,53.55,-55.616658,-0.383368,5.70E-10,-8.63E-12,0,0.00E+00
317,53.72,-56.137516,-0.395252,4.75E-10,-6.95E-12,0,0.00E+00
318,53.89,-56.683622,-0.407137,7.19E-10,-4.12E-12,0,0.00E+00
319,54.06,-57.256215,-0.419021,9.45E-10,-3.43E-12,0,0.00E+00
320,54.23,-57.856574,-0.42653,8.79E-10,-4.31E-12,0,0.00E+00
321,54.4,-58.12016,-0.431636,7.38E-10,-3.40E-12,0,0.00E+00
322,54.57,-58.389218,-0.436742,9.18E-10,-3.97E-12,0,0.00E+00
323,54.74,-58.663814,-0.441847,7.27E-10,-6.19E-12,0,0.00E+00
324,54.91,-58.944058,-0.446953,4.76E-10,-8.44E-12,0,0.00E+00
325,55.08,-59.230061,-0.452059,2.70E-10,-1.00E-11,0,0.00E+00
326,55.25,-59.521937,-0.451406,1.52E-10,-1.08E-11,0,0.00E+00
327,55.42,-59.126324,-0.448968,1.23E-10,-1.05E-11,0,0.00E+00
328,55.59,-58.732797,-0.446529,1.98E-10,-9.68E-12,0,0.00E+00
329,55.76,-58.34133,-0.444091,3.04E-10,-8.81E-12,0,0.00E+00
330,55.93,-57.951908,-0.441652,3.98E-10,-8.25E-12,0,0.00E+00
331,56.1,-57.564513,-0.439213,4.40E-10,-9.03E-12,0,0.00E+00
332,56.27,-55.22827,-0.430113,3.17E-10,-9.50E-12,0,0.00E+00
333,56.44,-53.690279,-0.420103,3.23E-10,-9.21E-12,0,0.00E+00
334,56.61,-52.181351,-0.410094,3.85E-10,-1.03E-11,0,0.00E+00
335,56.78,-50.703394,-0.400084,1.57E-10,-1.20E-11,0,0.00E+00
336,56.95,-49.25541,-0.390074,1.16E-11,-1.25E-11,0,0.00E+00
337,57.12,-47.83643,-0.380064,3.87E-11,-1.25E-11,0,0.00E+00
338,57.29,-42.2849,-0.363241,-2.38E-11,-1.30E-11,0,0.00E+00
339,57.46,-36.954982,-0.346413,-8.33E-11,-1.36E-11,0,0.00E+00
340,57.63,-31.830497,-0.329584,-2.17E-10,-1.48E-11,0,0.00E+00
341,57.8,-26.89511,-0.312754,-2.22E-10,-1.47E-11,0,0.00E+00
342,57.97,-22.133379,-0.295923,-2.68E-10,-1.44E-11,0,0.00E+00
343,58.14,-17.36252,-0.278466,-2.93E-10,-1.54E-11,0,0.00E+00
344,58.31,-11.517241,-0.256262,-2.58E-10,-1.56E-11,0,0.00E+00
345,58.48,-5.893406,-0.234056,-4.95E-10,-1.69E-11,0,0.00E+00
346,58.65,-0.462442,-0.211849,-3.37E-10,-1.57E-11,0,0.00E+00
347,58.82,4.773357,-0.189641,-2.87E-10,-1.53E-11,0,0.00E+00
348,58.99,9.458241,-0.167431,-3.29E-10,-1.62E-11,0,0.00E+00
349,59.16,13.706233,-0.14444,-3.23E-10,-1.72E-11,0,0.00E+00
350,59.33,17.833311,-0.1189,-3.64E-10,-1.81E-11,0,0.00E+00
351,59.5,21.446448,-9.34E-02,-2.85E-10,-1.78E-11,0,0.00E+00
352,59.67,24.635098,-6.78E-02,-2.55E-10,-1.80E-11,0,0.00E+00
353,59.84,27.472081,-4.23E-02,-2.57E-10,-1.88E-11,0,0.00E+00
354,60.01,30.018012,-1.67E-02,-3.14E-10,-1.95E-11,0,0.00E+00
355,60.18,32.350578,9.13E-03,-2.84E-10,-1.97E-11,0,0.00E+00
356,60.35,34.528278,3.55E-02,-2.55E-10,-2.00E-11,0,0.00E+00
357,60.52,36.540949,6.20E-02,-2.19E-10,-2.01E-11,0,0.00E+00
358,60.69,38.426871,8.84E-02,-1.30E-10,-1.98E-11,0,0.00E+00
359,60.86,40.220614,0.114799,-1.65E-11,-1.86E-11,0,0.00E+00
360,61.03,41.953852,0.141216,1.21E-10,-1.75E-11,0,0.00E+00
361,61.2,43.602925,0.166807,7.59E-11,-1.84E-11,0,0.00E+00
362,61.37,45.187696,0.191463,2.84E-10,-1.64E-11,0,0.00E+00
363,61.54,46.790309,0.216119,4.71E-10,-1.49E-11,0,0.00E+00
364,61.71,48.431541,0.240774,6.71E-10,-1.37E-11,0,0.00E+00
365,61.88,50.131664,0.26543,7.25E-10,-1.29E-11,0,0.00E+00
366,62.05,51.910639,0.290084,8.63E-10,-1.26E-11,0,0.00E+00
367,62.22,53.591072,0.312215,7.14E-10,-1.25E-11,0,0.00E+00
368,62.39,55.219224,0.332571,8.94E-10,-1.24E-11,0,0.00E+00
369,62.56,56.938077,0.352926,6.99E-10,-1.24E-11,0,0.00E+00
370,62.73,58.759047,0.37328,5.20E-10,-1.20E-11,0,0.00E+00
371,62.9,60.693755,0.393634,7.53E-10,-1.03E-11,0,0.00E+00
372,63.07,62.754089,0.413988,8.47E-10,-7.36E-12,0,0.00E+00
373,63.24,63.647547,0.429769,1.40E-09,-5.92E-12,0,0.00E+00
374,63.41,64.295989,0.443644,1.28E-09,-5.34E-12,0,0.00E+00
375,63.58,64.986817,0.457519,1.36E-09,-6.37E-12,0,0.00E+00
376,63.75,65.722177,0.471394,1.10E-09,-5.64E-12,0,0.00E+00
377,63.92,66.504383,0.485268,1.29E-09,-4.70E-12,0,0.00E+00
378,64.09,67.335858,0.499142,1.26E-09,-4.55E-12,0,0.00E+00
379,64.26,68.219139,0.506373,1.26E-09,-7.12E-12,0,0.00E+00
380,64.43,68.594826,0.512164,8.47E-10,-9.28E-12,0,0.00E+00
381,64.6,68.980388,0.517956,7.47E-10,-8.60E-12,0,0.00E+00
382,64.77,69.375697,0.523747,9.01E-10,-7.07E-12,0,0.00E+00
383,64.94,69.78096,0.529538,9.75E-10,-6.98E-12,0,0.00E+00
384,65.11,70.196386,0.53533,9.47E-10,-9.33E-12,0,0.00E+00
385,65.28,70.622189,0.532742,5.52E-10,-1.13E-11,0,0.00E+00
386,65.45,70.019638,0.529619,4.85E-10,-1.10E-11,0,0.00E+00
387,65.62,69.422373,0.526495,5.98E-10,-1.23E-11,0,0.00E+00
388,65.79,68.829364,0.523371,2.53E-10,-1.36E-11,0,0.00E+00
389,65.96,68.240576,0.520248,2.46E-10,-1.28E-11,0,0.00E+00
390,66.13,67.655968,0.516613,4.22E-10,-1.31E-11,0,0.00E+00
391,66.3,63.901673,0.504628,6.65E-11,-1.25E-11,0,0.00E+00
392,66.47,61.760244,0.492631,4.44E-10,-1.04E-11,0,0.00E+00
393,66.64,59.670834,0.480632,6.22E-10,-1.03E-11,0,0.00E+00
394,66.81,57.63615,0.468634,5.31E-10,-1.07E-11,0,0.00E+00
395,66.98,55.654196,0.456635,5.36E-10,-1.04E-11,0,0.00E+00
396,67.15,51.854966,0.443246,5.40E-10,-1.03E-11,0,0.00E+00
397,67.32,44.524674,0.423327,7.40E-10,-9.02E-12,0,0.00E+00
398,67.49,37.571791,0.403406,6.39E-10,-9.60E-12,0,0.00E+00
399,67.66,30.962936,0.383483,6.46E-10,-9.65E-12,0,0.00E+00
400,67.83,24.667222,0.363558,8.34E-10,-8.61E-12,0,0.00E+00
401,68,18.655966,0.343632,7.77E-10,-9.32E-12,0,0.00E+00
402,68.17,12.391945,0.321896,5.90E-10,-1.09E-11,0,0.00E+00
403,68.34,5.228922,0.295789,5.77E-10,-1.09E-11,0,0.00E+00
404,68.51,-1.590702,0.269682,5.28E-10,-1.25E-11,0,0.00E+00
405,68.68,-7.886509,0.243571,2.68E-10,-1.34E-11,0,0.00E+00
406,68.85,-13.255147,0.217456,2.77E-10,-1.34E-11,0,0.00E+00
407,69.02,-17.858201,0.191337,2.24E-10,-1.44E-11,0,0.00E+00
408,69.19,-22.052954,0.163676,2.44E-10,-1.48E-11,0,0.00E+00
409,69.36,-25.942204,0.133803,1.31E-10,-1.48E-11,0,0.00E+00
410,69.53,-29.289377,0.103928,1.34E-10,-1.57E-11,0,0.00E+00
411,69.7,-32.195779,7.41E-02,9.63E-11,-1.52E-11,0,0.00E+00
412,69.87,-34.744578,4.42E-02,1.49E-10,-1.49E-11,0,0.00E+00
413,70.04,-37.005701,1.43E-02,1.88E-10,-1.47E-11,0,0.00E+00
414,70.21,-39.068853,-1.61E-02,1.76E-10,-1.49E-11,0,0.00E+00
415,70.38,-40.976763,-4.68E-02,1.70E-10,-1.49E-11,0,0.00E+00
416,70.55,-42.75117,-7.75E-02,1.35E-10,-1.49E-11,0,0.00E+00
417,70.72,-44.438278,-0.108299,2.23E-10,-1.37E-11,0,0.00E+00
418,70.89,-46.080672,-0.13905,3.54E-10,-1.22E-11,0,0.00E+00
419,71.06,-47.718241,-0.1698,3.79E-10,-1.04E-11,0,0.00E+00
420,71.23,-49.310988,-0.199139,6.83E-10,-5.89E-12,0,0.00E+00
421,71.4,-50.920995,-0.227703,7.37E-10,-4.52E-12,0,0.00E+00
422,71.57,-52.618561,-0.256266,6.68E-10,-5.46E-12,0,0.00E+00
423,71.74,-54.432213,-0.284829,6.53E-11,-7.51E-12,0,0.00E+00
424,71.91,-56.390525,-0.313391,1.59E-10,-1.03E-11,0,0.00E+00
425,72.08,-58.522412,-0.341952,-1.68E-10,-1.29E-11,0,0.00E+00
426,72.25,-60.525752,-0.366615,-1.99E-10,-1.20E-11,0,0.00E+00
427,72.42,-62.589324,-0.39007,-3.83E-11,-1.03E-11,0,0.00E+00
428,72.59,-64.824897,-0.413524,-5.86E-11,-1.13E-11,0,0.00E+00
429,72.76,-67.250448,-0.436977,1.58E-10,-1.08E-11,0,0.00E+00
430,72.93,-69.884704,-0.460429,3.42E-10,-1.10E-11,0,0.00E+00
431,73.1,-72.74726,-0.483879,4.39E-10,-8.04E-12,0,0.00E+00
432,73.27,-74.005275,-0.500636,1.11E-09,-7.50E-12,0,0.00E+00
433,73.44,-74.91683,-0.5165,7.93E-10,-8.88E-12,0,0.00E+00
434,73.61,-75.901165,-0.532365,7.11E-10,-8.44E-12,0,0.00E+00
435,73.78,-76.962137,-0.548229,7.84E-10,-8.74E-12,0,0.00E+00
436,73.95,-78.104152,-0.564093,6.58E-10,-9.98E-12,0,0.00E+00
437,74.12,-79.331888,-0.579956,4.81E-10,-1.21E-11,0,0.00E+00
438,74.29,-80.650326,-0.586448,1.65E-10,-1.23E-11,0,0.00E+00
439,74.46,-81.194689,-0.592924,2.82E-10,-1.19E-11,0,0.00E+00
440,74.63,-81.756181,-0.599401,2.56E-10,-1.29E-11,0,0.00E+00
441,74.8,-82.334043,-0.605877,6.68E-11,-1.28E-11,0,0.00E+00
442,74.97,-82.928666,-0.612354,1.61E-10,-1.25E-11,0,0.00E+00
443,75.14,-83.540447,-0.617635,1.20E-10,-1.31E-11,0,0.00E+00
444,75.31,-83.77083,-0.613826,2.41E-11,-1.62E-11,0,0.00E+00
445,75.48,-82.892848,-0.610018,-4.99E-10,-1.67E-11,0,0.00E+00
446,75.65,-82.023798,-0.606209,-2.07E-10,-1.76E-11,0,0.00E+00
447,75.82,-81.162653,-0.602401,-6.18E-10,-1.85E-11,0,0.00E+00
448,75.99,-80.309328,-0.598592,-4.96E-10,-1.85E-11,0,0.00E+00
449,76.16,-79.463737,-0.592406,-5.74E-10,-1.80E-11,0,0.00E+00
450,76.33,-76.866573,-0.57842,-3.79E-10,-1.78E-11,0,0.00E+00
451,76.5,-73.917169,-0.564435,-4.28E-10,-1.74E-11,0,0.00E+00
452,76.67,-71.06458,-0.550449,-2.56E-10,-1.94E-11,0,0.00E+00
453,76.84,-68.303305,-0.536463,-7.28E-10,-2.00E-11,0,0.00E+00
454,77.01,-65.629621,-0.522477,-4.71E-10,-1.88E-11,0,0.00E+00
455,77.18,-60.106043,-0.505309,-3.96E-10,-1.87E-11,0,0.00E+00
456,77.35,-50.532332,-0.4823,-3.63E-10,-1.90E-11,0,0.00E+00
457,77.52,-41.56971,-0.459287,-4.12E-10,-1.91E-11,0,0.00E+00
458,77.69,-33.157014,-0.436272,-2.08E-10,-1.79E-11,0,0.00E+00
459,77.86,-25.238876,-0.413254,-2.00E-10,-1.75E-11,0,0.00E+00
460,78.03,-17.764905,-0.390234,-1.16E-10,-1.61E-11,0,0.00E+00
461,78.2,-9.711651,-0.363934,3.29E-11,-1.55E-11,0,0.00E+00
462,78.37,-1.078181,-0.333927,-4.50E-11,-1.67E-11,0,0.00E+00
463,78.54,6.868869,-0.303917,-3.39E-11,-1.67E-11,0,0.00E+00
464,78.71,13.511148,-0.2739,-7.04E-11,-1.72E-11,0,0.00E+00
465,78.88,19.051121,-0.243877,2.91E-10,-1.41E-11,0,0.00E+00
466,79.05,23.714928,-0.21385,3.44E-10,-1.33E-11,0,0.00E+00
467,79.22,27.966398,-0.181371,4.97E-10,-1.06E-11,0,0.00E+00
468,79.39,31.726781,-0.147166,3.33E-10,-1.19E-11,0,0.00E+00
469,79.56,34.897844,-0.112957,3.29E-10,-1.18E-11,0,0.00E+00
470,79.73,37.598758,-7.87E-02,2.83E-10,-1.19E-11,0,0.00E+00
471,79.9,39.92781,-4.45E-02,3.08E-10,-1.19E-11,0,0.00E+00
472,80.07,41.968215,-1.03E-02,2.51E-10,-1.20E-11,0,0.00E+00
473,80.24,43.823091,2.45E-02,2.35E-10,-1.20E-11,0,0.00E+00
474,80.41,45.533082,5.96E-02,2.30E-10,-1.22E-11,0,0.00E+00
475,80.58,47.14603,9.47E-02,1.95E-10,-1.26E-11,0,0.00E+00
476,80.75,48.719269,0.129755,2.67E-10,-1.19E-11,0,0.00E+00
477,80.92,50.306664,0.164838,3.62E-10,-1.02E-11,0,0.00E+00
478,81.09,51.959754,0.199921,5.04E-10,-1.01E-11,0,0.00E+00
479,81.26,53.616241,0.232857,4.78E-10,-8.32E-12,0,0.00E+00
480,81.43,55.389383,0.265328,6.35E-10,-8.60E-12,0,0.00E+00
481,81.6,57.341189,0.297798,4.46E-10,-8.32E-12,0,0.00E+00
482,81.77,59.511747,0.330267,5.75E-10,-5.04E-12,0,0.00E+00
483,81.94,61.942229,0.362735,7.48E-10,-5.51E-12,0,0.00E+00
484,82.11,64.675369,0.395201,5.23E-10,-4.78E-12,0,0.00E+00
485,82.28,67.202155,0.42211,4.83E-10,-3.85E-12,0,0.00E+00
486,82.45,69.955743,0.448663,5.74E-10,-1.82E-12,0,0.00E+00
487,82.62,72.995018,0.475215,6.38E-10,-3.83E-12,0,0.00E+00
488,82.79,76.348734,0.501765,3.35E-10,-4.69E-12,0,0.00E+00
489,82.96,80.047495,0.528313,6.26E-10,-4.37E-12,0,0.00E+00
490,83.13,84.043481,0.554358,-8.35E-11,-8.69E-12,0,0.00E+00
491,83.3,85.730109,0.572197,-8.42E-10,-7.60E-12,0,0.00E+00
492,83.47,87.036911,0.590051,-1.54E-10,-5.14E-12,0,0.00E+00
493,83.64,88.463073,0.607904,-2.11E-10,-5.48E-12,0,0.00E+00
494,83.81,90.015744,0.625757,-2.43E-10,-5.70E-12,0,0.00E+00
495,83.98,91.703295,0.643609,-3.10E-10,-5.37E-12,0,0.00E+00
496,84.15,93.534774,0.659592,-2.56E-10,-4.59E-12,0,0.00E+00
497,84.32,94.791574,0.666755,-1.52E-10,-3.49E-12,0,0.00E+00
498,84.49,95.595559,0.673917,-3.74E-11,-3.72E-12,0,0.00E+00
499,84.66,96.426679,0.681078,-1.81E-10,-3.87E-12,0,0.00E+00
500,84.83,97.28474,0.688239,-1.48E-10,-5.50E-12,0,0.00E+00
501,85,98.170489,0.695401,-4.94E-10,-5.83E-12,0,0.00E+00
502,85.17,99.084698,0.699157,-3.53E-10,-6.02E-12,0,0.00E+00
503,85.34,97.840199,0.694664,-4.86E-10,-6.78E-12,0,0.00E+00
504,85.51,96.602327,0.690171,-5.69E-10,-6.51E-12,0,0.00E+00
505,85.68,95.378295,0.685678,-4.35E-10,-6.91E-12,0,0.00E+00
506,85.85,94.167884,0.681185,-6.16E-10,-5.63E-12,0,0.00E+00
507,86.02,92.970914,0.676692,-1.76E-10,-5.64E-12,0,0.00E+00
508,86.19,91.787207,0.667492,-4.81E-10,-6.35E-12,0,0.00E+00
509,86.36,87.699593,0.651521,-4.18E-10,-6.70E-12,0,0.00E+00
510,86.53,83.763664,0.635549,-5.16E-10,-7.01E-12,0,0.00E+00
511,86.7,79.977819,0.619576,-4.88E-10,-6.90E-12,0,0.00E+00
512,86.87,76.335125,0.603603,-4.56E-10,-6.86E-12,0,0.00E+00
513,87.04,72.828988,0.587629,-4.41E-10,-7.77E-12,0,0.00E+00
514,87.21,62.214841,0.566309,-5.37E-10,-9.05E-12,0,0.00E+00
515,87.38,50.156319,0.54021,-1.01E-09,-1.21E-11,0,0.00E+00
516,87.55,39.013934,0.514107,-1.29E-09,-1.35E-11,0,0.00E+00
517,87.72,28.684286,0.487999,-1.32E-09,-1.39E-11,0,0.00E+00
518,87.89,19.075762,0.461888,-1.58E-09,-1.64E-11,0,0.00E+00
519,88.06,10.106629,0.435774,-1.71E-09,-1.74E-11,0,0.00E+00
520,88.23,0.144734,0.404628,-1.31E-09,-1.51E-11,0,0.00E+00
521,88.4,-9.207359,0.370717,-1.01E-09,-1.44E-11,0,0.00E+00
522,88.57,-16.744171,0.336796,-1.08E-09,-1.66E-11,0,0.00E+00
523,88.74,-22.897878,0.302868,-1.08E-09,-1.88E-11,0,0.00E+00
524,88.91,-27.967011,0.268935,-1.07E-09,-2.07E-11,0,0.00E+00
525,89.08,-32.169396,0.234998,-1.08E-09,-2.26E-11,0,0.00E+00
526,89.25,-35.998421,0.197548,-1.10E-09,-2.45E-11,0,0.00E+00
527,89.42,-39.230397,0.159008,-1.12E-09,-2.73E-11,0,0.00E+00
528,89.59,-41.893359,0.120464,-1.10E-09,-2.82E-11,0,0.00E+00
529,89.76,-44.110958,8.19E-02,-9.84E-10,-2.90E-11,0,0.00E+00
530,89.93,-45.987443,4.34E-02,-9.50E-10,-3.12E-11,0,0.00E+00
531,90.1,-47.613072,4.82E-03,-9.37E-10,-3.22E-11,0,0.00E+00
532,90.27,-49.095516,-3.45E-02,-8.03E-10,-3.25E-11,0,0.00E+00
533,90.44,-50.480951,-7.39E-02,-6.60E-10,-3.26E-11,0,0.00E+00
534,90.61,-51.837274,-0.113323,-4.91E-10,-3.14E-11,0,0.00E+00
535,90.78,-53.232631,-0.152739,-2.26E-10,-2.89E-11,0,0.00E+00
536,90.95,-54.732848,-0.192155,2.22E-10,-2.53E-11,0,0.00E+00
537,91.12,-56.40273,-0.231569,2.31E-10,-2.67E-11,0,0.00E+00
538,91.29,-58.150969,-0.267953,1.52E-10,-2.73E-11,0,0.00E+00
539,91.46,-60.150874,-0.304331,4.38E-10,-2.33E-11,0,0.00E+00
540,91.63,-62.456175,-0.340707,5.07E-10,-2.22E-11,0,0.00E+00
541,91.8,-65.122758,-0.377082,6.80E-10,-1.96E-11,0,0.00E+00
542,91.97,-68.209599,-0.413455,4.84E-10,-2.29E-11,0,0.00E+00
543,92.14,-71.697379,-0.449043,2.56E-10,-2.46E-11,0,0.00E+00
544,92.31,-75.002362,-0.478695,9.32E-11,-2.80E-11,0,0.00E+00
545,92.48,-78.711918,-0.508344,6.56E-11,-3.01E-11,0,0.00E+00
546,92.65,-82.868536,-0.537992,4.58E-10,-2.86E-11,0,0.00E+00
547,92.82,-87.518214,-0.567637,1.32E-10,-2.95E-11,0,0.00E+00
548,92.99,-92.711009,-0.597279,2.28E-10,-2.63E-11,0,0.00E+00
549,93.16,-98.031186,-0.624623,4.52E-10,-2.52E-11,0,0.00E+00
550,93.33,-99.908948,-0.644448,2.64E-10,-2.38E-11,0,0.00E+00
551,93.5,-101.785669,-0.66429,3.60E-10,-2.05E-11,0,0.00E+00
552,93.67,-103.852689,-0.684131,7.50E-10,-2.15E-11,0,0.00E+00
553,93.84,-106.124286,-0.703972,9.22E-11,-2.25E-11,0,0.00E+00
554,94.01,-108.616489,-0.723811,7.85E-11,-2.19E-11,0,0.00E+00
555,94.18,-111.346985,-0.739441,-2.62E-11,-2.04E-11,0,0.00E+00
556,94.35,-112.495219,-0.747287,1.68E-10,-2.00E-11,0,0.00E+00
557,94.52,-113.682585,-0.755133,6.43E-11,-2.00E-11,0,0.00E+00
558,94.69,-114.912822,-0.762978,-4.02E-12,-1.99E-11,0,0.00E+00
559,94.86,-116.187332,-0.770823,-1.12E-11,-1.94E-11,0,0.00E+00
560,95.03,-117.507591,-0.778668,1.15E-11,-2.08E-11,0,0.00E+00
561,95.2,-118.875134,-0.78041,-4.19E-10,-2.23E-11,0,0.00E+00
562,95.37,-117.135205,-0.775233,-5.35E-10,-2.23E-11,0,0.00E+00
563,95.54,-115.411344,-0.770057,-4.19E-10,-2.35E-11,0,0.00E+00
564,95.71,-113.710431,-0.76488,-7.66E-10,-2.51E-11,0,0.00E+00
565,95.88,-112.032068,-0.759703,-9.08E-10,-2.63E-11,0,0.00E+00
566,96.05,-110.375903,-0.754526,-1.09E-09,-2.79E-11,0,0.00E+00
567,96.22,-108.741591,-0.741851,-1.31E-09,-2.90E-11,0,0.00E+00
568,96.39,-103.272421,-0.723895,-1.34E-09,-3.00E-11,0,0.00E+00
569,96.56,-98.046746,-0.705939,-1.41E-09,-3.05E-11,0,0.00E+00
570,96.73,-93.051754,-0.687981,-1.31E-09,-3.08E-11,0,0.00E+00
571,96.9,-88.275434,-0.670022,-1.31E-09,-3.13E-11,0,0.00E+00
572,97.07,-83.706442,-0.652061,-1.28E-09,-3.15E-11,0,0.00E+00
573,97.24,-68.985925,-0.62619,-1.41E-09,-3.33E-11,0,0.00E+00
574,97.41,-53.836645,-0.597005,-2.02E-09,-3.76E-11,0,0.00E+00
575,97.58,-40.035884,-0.567814,-2.28E-09,-3.97E-11,0,0.00E+00
576,97.75,-27.412758,-0.538616,-2.77E-09,-4.49E-11,0,0.00E+00
577,97.92,-15.819472,-0.509414,-3.09E-09,-5.04E-11,0,0.00E+00
578,98.09,-5.127063,-0.480207,-3.18E-09,-5.10E-11,0,0.00E+00
579,98.26,6.278765,-0.443927,-2.85E-09,-5.36E-11,0,0.00E+00
580,98.43,15.651652,-0.406107,-2.38E-09,-5.46E-11,0,0.00E+00
581,98.6,23.125619,-0.368278,-1.90E-09,-5.35E-11,0,0.00E+00
582,98.77,29.145984,-0.330442,-1.52E-09,-5.48E-11,0,0.00E+00
583,98.94,34.02463,-0.2926,-1.54E-09,-5.80E-11,0,0.00E+00
584,99.11,37.99191,-0.254753,-1.79E-09,-6.38E-11,0,0.00E+00
585,99.28,41.584271,-0.212184,-1.66E-09,-6.55E-11,0,0.00E+00
586,99.45,44.464743,-0.169309,-1.44E-09,-6.60E-11,0,0.00E+00
587,99.62,46.768609,-0.126432,-1.32E-09,-6.80E-11,0,0.00E+00
588,99.79,48.632008,-8.36E-02,-1.18E-09,-6.96E-11,0,0.00E+00
589,99.96,50.171562,-4.07E-02,-1.16E-09,-7.06E-11,0,0.00E+00
590,100.13,51.491429,2.26E-03,-9.50E-10,-7.16E-11,0,0.00E+00
591,100.3,52.704787,4.60E-02,-7.75E-10,-7.26E-11,0,0.00E+00
592,100.47,53.87594,8.98E-02,-5.03E-10,-7.28E-11,0,0.00E+00
593,100.64,55.091302,0.13351,-2.74E-10,-7.36E-11,0,0.00E+00
594,100.81,56.434592,0.177258,-1.34E-10,-7.27E-11,0,0.00E+00
595,100.98,57.988656,0.221006,2.57E-10,-6.95E-11,0,0.00E+00
596,101.15,59.80914,0.264146,9.34E-10,-6.63E-11,0,0.00E+00
597,101.32,61.840518,0.304432,1.26E-09,-6.51E-11,0,0.00E+00
598,101.49,64.263465,0.344716,1.72E-09,-6.29E-11,0,0.00E+00
599,101.66,67.151926,0.384998,1.49E-09,-5.79E-11,0,0.00E+00
600,101.83,70.584968,0.425277,1.88E-09,-5.45E-11,0,0.00E+00
601,102,74.648123,0.465553,2.08E-09,-5.20E-11,0,0.00E+00
602,102.17,79.152988,0.503622,2.10E-09,-4.73E-11,0,0.00E+00
603,102.34,83.611702,0.53637,3.19E-09,-4.02E-11,0,0.00E+00
604,102.51,88.674106,0.569114,3.14E-09,-3.71E-11,0,0.00E+00
605,102.68,94.40718,0.601855,3.09E-09,-3.39E-11,0,0.00E+00
606,102.85,100.885025,0.634592,3.76E-09,-2.52E-11,0,0.00E+00
607,103.02,108.190113,0.667325,3.66E-09,-2.32E-11,0,0.00E+00
608,103.19,113.578713,0.69556,3.52E-09,-2.04E-11,0,0.00E+00
609,103.36,116.01941,0.717391,3.62E-09,-1.85E-11,0,0.00E+00
610,103.53,118.740524,0.73922,3.51E-09,-1.82E-11,0,0.00E+00
611,103.7,121.7637,0.761047,3.17E-09,-1.65E-11,0,0.00E+00
612,103.87,125.116778,0.782873,3.26E-09,-1.29E-11,0,0.00E+00
613,104.04,128.831106,0.804697,3.53E-09,-9.19E-12,0,0.00E+00
614,104.21,132.942147,0.819508,3.74E-09,-7.73E-12,0,0.00E+00
615,104.38,134.635873,0.828038,3.67E-09,-7.45E-12,0,0.00E+00
616,104.55,136.396698,0.836566,3.60E-09,-6.97E-12,0,0.00E+00
617,104.72,138.228572,0.845095,3.58E-09,-5.67E-12,0,0.00E+00
618,104.89,140.134358,0.853623,3.73E-09,-5.08E-12,0,0.00E+00
619,105.06,142.117081,0.862151,3.62E-09,-6.51E-12,0,0.00E+00
620,105.23,144.179935,0.861393,3.16E-09,-7.33E-12,0,0.00E+00
621,105.4,141.767376,0.855534,3.18E-09,-7.65E-12,0,0.00E+00
622,105.57,139.391036,0.849675,3.08E-09,-7.58E-12,0,0.00E+00
623,105.74,137.051688,0.843815,3.18E-09,-7.87E-12,0,0.00E+00
624,105.91,134.748645,0.837955,3.03E-09,-7.97E-12,0,0.00E+00
625,106.08,132.481246,0.832095,3.11E-09,-8.39E-12,0,0.00E+00
626,106.25,122.782584,0.815523,3.01E-09,-8.49E-12,0,0.00E+00
627,106.42,115.697574,0.795584,3.05E-09,-7.89E-12,0,0.00E+00
628,106.59,108.941322,0.775643,3.20E-09,-8.36E-12,0,0.00E+00
629,106.76,102.524514,0.755701,2.99E-09,-9.54E-12,0,0.00E+00
630,106.93,96.427061,0.735757,2.86E-09,-9.50E-12,0,0.00E+00
631,107.1,90.630358,0.715811,2.98E-09,-8.66E-12,0,0.00E+00
632,107.27,70.903884,0.685001,3.31E-09,-6.46E-12,0,0.00E+00
633,107.44,52.399442,0.652731,2.78E-09,-9.84E-12,0,0.00E+00
634,107.61,35.780275,0.620453,2.94E-09,-9.24E-12,0,0.00E+00
635,107.78,20.780099,0.588166,2.74E-09,-8.91E-12,0,0.00E+00
636,107.95,7.37146,0.555871,2.56E-09,-7.97E-12,0,0.00E+00
637,108.12,-3.597486,0.523564,2.73E-09,-3.02E-12,0,0.00E+00
638,108.29,-14.854006,0.481857,2.44E-09,-1.32E-12,0,0.00E+00
639,108.46,-23.688824,0.440127,1.59E-09,-4.65E-12,0,0.00E+00
640,108.63,-30.692042,0.398387,1.21E-09,-5.72E-12,0,0.00E+00
641,108.8,-36.269227,0.35664,1.07E-09,-4.98E-12,0,0.00E+00
642,108.97,-40.714627,0.314888,7.30E-10,-9.22E-12,0,0.00E+00
643,109.14,-44.299618,0.272497,2.50E-10,-1.23E-11,0,0.00E+00
644,109.31,-47.41447,0.225291,1.22E-10,-1.11E-11,0,0.00E+00
645,109.48,-49.802836,0.178082,3.09E-10,-8.08E-12,0,0.00E+00
646,109.65,-51.634291,0.13087,2.89E-10,-6.85E-12,0,0.00E+00
647,109.82,-53.053209,8.37E-02,3.36E-10,-4.73E-12,0,0.00E+00
648,109.99,-54.186217,3.64E-02,4.80E-10,-5.05E-12,0,0.00E+00
649,110.16,-55.151411,-1.10E-02,3.30E-10,-5.59E-12,0,0.00E+00
650,110.33,-56.063055,-5.91E-02,2.74E-10,-5.19E-12,0,0.00E+00
651,110.5,-57.012551,-0.107145,2.27E-10,-4.43E-12,0,0.00E+00
652,110.67,-58.10277,-0.155227,2.07E-10,-2.69E-12,0,0.00E+00
653,110.84,-59.435984,-0.203308,3.95E-10,-1.48E-12,0,0.00E+00
654,111.01,-61.116081,-0.251387,1.95E-10,-5.66E-12,0,0.00E+00
655,111.18,-63.182875,-0.298098,-1.39E-10,-9.53E-12,0,0.00E+00
656,111.35,-65.627398,-0.342291,-1.32E-10,-1.05E-11,0,0.00E+00
657,111.52,-68.643533,-0.38648,-2.30E-10,-1.43E-11,0,0.00E+00
658,111.69,-72.333363,-0.430666,5.23E-11,-1.22E-11,0,0.00E+00
659,111.86,-76.808772,-0.474848,5.95E-10,-8.32E-12,0,0.00E+00
660,112.03,-82.193866,-0.519025,8.89E-10,-4.49E-12,0,0.00E+00
661,112.2,-88.012751,-0.559289,1.52E-09,5.17E-13,0,0.00E+00
662,112.37,-94.021887,-0.59513,1.61E-09,-9.12E-14,0,0.00E+00
663,112.54,-100.909741,-0.630967,1.13E-09,-9.84E-13,0,0.00E+00
664,112.71,-108.782192,-0.666799,8.21E-10,-1.72E-12,0,0.00E+00
665,112.88,-117.75911,-0.702625,7.96E-10,-2.09E-12,0,0.00E+00
666,113.05,-127.977177,-0.738445,7.28E-10,-2.28E-12,0,0.00E+00
667,113.22,-132.613253,-0.767199,5.43E-10,2.62E-13,0,0.00E+00
668,113.39,-136.111512,-0.791015,1.16E-09,2.11E-12,0,0.00E+00
669,113.56,-140.045605,-0.814828,1.14E-09,1.82E-12,0,0.00E+00
670,113.73,-144.462843,-0.83864,1.00E-09,1.99E-12,0,0.00E+00
671,113.9,-149.41782,-0.862448,1.04E-09,2.20E-12,0,0.00E+00
672,114.07,-154.973836,-0.886253,1.02E-09,3.31E-12,0,0.00E+00
673,114.24,-161.204726,-0.899783,1.27E-09,4.19E-12,0,0.00E+00
674,114.41,-163.713202,-0.908995,1.33E-09,3.78E-12,0,0.00E+00
675,114.58,-166.342341,-0.918205,1.16E-09,3.71E-12,0,0.00E+00
676,114.75,-169.092702,-0.927415,1.24E-09,3.56E-12,0,0.00E+00
677,114.92,-171.970438,-0.936624,1.13E-09,3.59E-12,0,0.00E+00
678,115.09,-174.982105,-0.945833,1.19E-09,4.66E-12,0,0.00E+00
679,115.26,-178.134718,-0.942093,1.46E-09,5.42E-12,0,0.00E+00
680,115.43,-174.782735,-0.935552,1.46E-09,5.80E-12,0,0.00E+00
681,115.6,-171.511253,-0.92901,1.56E-09,6.15E-12,0,0.00E+00
682,115.77,-168.298634,-0.922469,1.58E-09,5.56E-12,0,0.00E+00
683,115.94,-165.143785,-0.915927,1.35E-09,5.64E-12,0,0.00E+00
684,116.11,-162.045471,-0.909385,1.52E-09,6.16E-12,0,0.00E+00
685,116.28,-146.179026,-0.888448,1.49E-09,6.72E-12,0,0.00E+00
686,116.45,-136.890931,-0.866528,1.59E-09,7.34E-12,0,0.00E+00
687,116.62,-128.087571,-0.844606,1.62E-09,8.33E-12,0,0.00E+00
688,116.79,-119.783577,-0.822681,1.80E-09,9.40E-12,0,0.00E+00
689,116.96,-111.945607,-0.800754,1.88E-09,1.08E-11,0,0.00E+00
690,117.13,-104.54317,-0.77805,2.12E-09,1.22E-11,0,0.00E+00
691,117.3,-78.691058,-0.742687,1.94E-09,1.17E-11,0,0.00E+00
692,117.47,-55.997642,-0.707338,1.79E-09,1.08E-11,0,0.00E+00
693,117.64,-35.931942,-0.671975,2.03E-09,1.31E-11,0,0.00E+00
694,117.81,-18.314346,-0.636599,1.82E-09,1.35E-11,0,0.00E+00
695,117.98,-4.189112,-0.601207,1.16E-09,1.08E-11,0,0.00E+00
696,118.15,7.659335,-0.564011,1.08E-09,1.16E-11,0,0.00E+00
697,118.32,19.132147,-0.518386,7.39E-10,7.38E-12,0,0.00E+00
698,118.49,28.082408,-0.472748,1.27E-10,5.69E-12,0,0.00E+00
699,118.66,35.107534,-0.427101,3.12E-10,9.53E-12,0,0.00E+00
700,118.83,40.624343,-0.381445,4.02E-10,9.55E-12,0,0.00E+00
701,119,44.94059,-0.335784,2.98E-10,1.17E-11,0,0.00E+00
702,119.17,48.403896,-0.288399,8.73E-10,2.07E-11,0,0.00E+00
703,119.34,51.240001,-0.23686,1.58E-09,3.02E-11,0,0.00E+00
704,119.51,53.322403,-0.185317,1.82E-09,3.46E-11,0,0.00E+00
705,119.68,54.837687,-0.133771,1.53E-09,3.75E-11,0,0.00E+00
706,119.85,55.947248,-8.22E-02,1.66E-09,4.05E-11,0,0.00E+00
707,120.02,56.794974,-3.07E-02,1.58E-09,4.21E-11,0,0.00E+00
708,120.19,57.51765,2.12E-02,1.31E-09,4.25E-11,0,0.00E+00
709,120.36,58.243124,7.36E-02,9.10E-10,4.22E-11,0,0.00E+00
710,120.53,59.090332,0.126063,5.96E-10,3.98E-11,0,0.00E+00
711,120.7,60.184724,0.178478,7.89E-11,3.64E-11,0,0.00E+00
712,120.87,61.653732,0.23089,-3.01E-10,3.23E-11,0,0.00E+00
713,121.04,63.629741,0.2833,-7.69E-10,2.82E-11,0,0.00E+00
714,121.21,66.123926,0.333432,-1.11E-09,2.54E-11,0,0.00E+00
715,121.38,69.196748,0.381529,-8.84E-10,2.63E-11,0,0.00E+00
716,121.55,73.065047,0.429623,-8.21E-10,2.63E-11,0,0.00E+00
717,121.72,77.870651,0.477711,-1.03E-09,2.21E-11,0,0.00E+00
718,121.89,83.772724,0.525794,-1.06E-09,1.87E-11,0,0.00E+00
719,122.06,90.95219,0.573871,-1.35E-09,9.96E-12,0,0.00E+00
720,122.23,98.466829,0.616043,-1.45E-09,1.03E-11,0,0.00E+00
721,122.4,106.559572,0.654975,-1.55E-09,5.72E-12,0,0.00E+00
722,122.57,115.910962,0.693901,-2.07E-09,3.62E-12,0,0.00E+00
723,122.74,126.689455,0.732819,-9.82E-10,7.44E-12,0,0.00E+00
724,122.91,139.090587,0.77173,-4.85E-10,8.59E-12,0,0.00E+00
725,123.08,153.343325,0.810631,-4.50E-10,8.23E-12,0,0.00E+00
726,123.25,159.857889,0.839496,-1.13E-10,8.28E-12,0,0.00E+00
727,123.42,164.753967,0.865296,3.31E-12,7.15E-12,0,0.00E+00
728,123.59,170.342224,0.891092,-1.48E-10,5.49E-12,0,0.00E+00
729,123.76,176.712147,0.916884,-2.97E-10,5.19E-12,0,0.00E+00
730,123.93,183.974395,0.942671,-9.47E-11,3.41E-12,0,0.00E+00
731,124.1,192.262067,0.968453,-5.73E-10,1.85E-12,0,0.00E+00
732,124.27,201.736641,0.980238,-5.92E-10,1.55E-12,0,0.00E+00
733,124.44,205.442584,0.990129,-5.92E-10,9.74E-13,0,0.00E+00
734,124.61,209.37836,1.000019,-7.05E-10,6.43E-13,0,0.00E+00
735,124.78,213.529368,1.009908,-6.87E-10,1.75E-12,0,0.00E+00
736,124.95,217.909751,1.019795,-2.81E-10,3.88E-12,0,0.00E+00
737,125.12,222.534692,1.029682,2.40E-10,3.21E-12,0,0.00E+00
738,125.29,227.420729,1.022474,-2.41E-10,3.11E-12,0,0.00E+00
739,125.46,222.675671,1.015254,-6.62E-12,2.86E-12,0,0.00E+00
740,125.63,218.11318,1.008033,-2.73E-10,2.89E-12,0,0.00E+00
741,125.8,213.644966,1.000811,-8.50E-11,3.43E-12,0,0.00E+00
742,125.97,209.269547,0.993589,-3.34E-11,3.57E-12,0,0.00E+00
743,126.14,204.984593,0.984435,-3.29E-11,4.30E-12,0,0.00E+00
744,126.31,182.245935,0.96061,-3.93E-11,5.08E-12,0,0.00E+00
745,126.48,169.892036,0.936713,1.72E-10,5.51E-12,0,0.00E+00
746,126.65,158.258946,0.912812,1.11E-10,5.78E-12,0,0.00E+00
747,126.82,147.368252,0.888908,1.80E-10,6.72E-12,0,0.00E+00
748,126.99,137.16381,0.865001,3.52E-10,7.31E-12,0,0.00E+00
749,127.16,118.070046,0.837686,3.32E-10,7.65E-12,0,0.00E+00
750,127.33,86.224561,0.799281,2.53E-10,7.22E-12,0,0.00E+00
751,127.5,58.743184,0.760854,4.23E-10,7.62E-12,0,0.00E+00
752,127.67,35.144584,0.722407,2.07E-10,6.47E-12,0,0.00E+00
753,127.84,16.6607,0.683934,1.39E-11,6.34E-12,0,0.00E+00
754,128.01,2.076126,0.645442,4.77E-10,8.70E-12,0,0.00E+00
755,128.18,-10.728513,0.603063,6.16E-10,1.09E-11,0,0.00E+00
756,128.35,-22.483641,0.553531,9.71E-10,1.36E-11,0,0.00E+00
757,128.52,-31.616404,0.503986,9.91E-10,1.69E-11,0,0.00E+00
758,128.69,-38.722892,0.454431,1.11E-09,1.91E-11,0,0.00E+00
759,128.86,-44.229633,0.404867,1.23E-09,2.12E-11,0,0.00E+00
760,129.03,-48.458116,0.355297,1.27E-09,2.35E-11,0,0.00E+00
761,129.2,-51.824003,0.302769,1.25E-09,2.58E-11,0,0.00E+00
762,129.37,-54.411752,0.246896,1.34E-09,3.43E-11,0,0.00E+00
763,129.54,-56.21374,0.19102,1.70E-09,3.70E-11,0,0.00E+00
764,129.71,-57.436307,0.13514,1.59E-09,3.76E-11,0,0.00E+00
765,129.88,-58.260772,7.93E-02,1.13E-09,4.00E-11,0,0.00E+00
766,130.05,-58.851388,2.34E-02,1.28E-09,4.31E-11,0,0.00E+00
767,130.22,-59.366073,-3.30E-02,1.05E-09,4.35E-11,0,0.00E+00
768,130.39,-59.953838,-8.98E-02,5.70E-10,4.09E-11,0,0.00E+00
769,130.56,-60.762947,-0.146513,1.68E-10,4.06E-11,0,0.00E+00
770,130.73,-61.946802,-0.203259,1.31E-10,4.25E-11,0,0.00E+00
771,130.9,-63.664519,-0.260002,-1.14E-10,4.01E-11,0,0.00E+00
772,131.07,-66.085038,-0.316742,-2.87E-10,3.45E-11,0,0.00E+00
773,131.24,-69.169462,-0.370145,-9.91E-10,3.30E-11,0,0.00E+00
774,131.41,-73.088116,-0.422146,-8.91E-10,3.09E-11,0,0.00E+00
775,131.58,-78.085074,-0.474142,-1.23E-09,2.64E-11,0,0.00E+00
776,131.75,-84.357543,-0.526131,-1.34E-09,1.97E-11,0,0.00E+00
777,131.92,-92.132232,-0.578113,-1.36E-09,1.60E-11,0,0.00E+00
778,132.09,-101.673474,-0.630086,-1.55E-09,1.39E-11,0,0.00E+00
779,132.26,-111.314998,-0.673879,-1.65E-09,1.01E-11,0,0.00E+00
780,132.43,-122.159672,-0.715899,-2.11E-09,5.73E-12,0,0.00E+00
781,132.6,-134.795295,-0.75791,-1.69E-09,4.34E-12,0,0.00E+00
782,132.77,-149.492183,-0.79991,-1.79E-09,2.33E-12,0,0.00E+00
783,132.94,-166.57301,-0.841899,-1.45E-09,3.50E-12,0,0.00E+00
784,133.11,-186.427232,-0.883873,-1.22E-09,-4.64E-13,0,0.00E+00
785,133.28,-195.582951,-0.912451,-2.75E-09,-2.43E-12,0,0.00E+00
786,133.45,-202.433117,-0.940231,-2.25E-09,-1.56E-12,0,0.00E+00
787,133.62,-210.405576,-0.968006,-2.10E-09,-2.52E-12,0,0.00E+00
788,133.79,-219.678058,-0.995773,-2.28E-09,-1.83E-12,0,0.00E+00
789,133.96,-230.487053,-1.023532,-1.75E-09,-1.41E-12,0,0.00E+00
790,134.13,-243.130838,-1.050298,-1.72E-09,-2.16E-12,0,0.00E+00
791,134.3,-256.065515,-1.060863,-1.85E-09,-2.91E-12,0,0.00E+00
792,134.47,-261.716865,-1.07143,-1.90E-09,-2.64E-12,0,0.00E+00
793,134.64,-267.816422,-1.081995,-1.71E-09,-3.15E-12,0,0.00E+00
794,134.81,-274.326035,-1.092557,-1.98E-09,-3.51E-12,0,0.00E+00
795,134.98,-281.281203,-1.103118,-1.90E-09,-4.14E-12,0,0.00E+00
796,135.15,-288.720576,-1.110462,-2.18E-09,-3.76E-12,0,0.00E+00
797,135.32,-288.389807,-1.102557,-1.86E-09,-3.71E-12,0,0.00E+00
798,135.49,-281.781443,-1.094659,-2.04E-09,-4.36E-12,0,0.00E+00
799,135.66,-275.420224,-1.086761,-2.15E-09,-4.49E-12,0,0.00E+00
800,135.83,-269.210784,-1.078862,-2.09E-09,-5.61E-12,0,0.00E+00
801,136,-263.149839,-1.070962,-2.55E-09,-5.26E-12,0,0.00E+00
802,136.17,-257.233031,-1.057831,-2.04E-09,-4.59E-12,0,0.00E+00
803,136.34,-238.938354,-1.031971,-2.05E-09,-4.80E-12,0,0.00E+00
804,136.51,-221.891873,-1.006104,-2.01E-09,-5.21E-12,0,0.00E+00
805,136.68,-206.090145,-0.980232,-2.07E-09,-4.94E-12,0,0.00E+00
806,136.85,-191.423811,-0.954354,-1.83E-09,-3.67E-12,0,0.00E+00
807,137.02,-177.796133,-0.928472,-1.49E-09,-4.22E-12,0,0.00E+00
808,137.19,-141.513002,-0.896206,-1.73E-09,-5.89E-12,0,0.00E+00
809,137.36,-101.742648,-0.854739,-1.66E-09,-5.22E-12,0,0.00E+00
810,137.53,-68.116524,-0.813241,-1.34E-09,-3.76E-12,0,0.00E+00
811,137.7,-41.240618,-0.77171,-1.25E-09,-4.58E-12,0,0.00E+00
812,137.87,-20.786398,-0.730146,-6.30E-10,-2.83E-12,0,0.00E+00
813,138.04,-4.659254,-0.68856,-4.32E-10,-1.61E-12,0,0.00E+00
814,138.21,10.025464,-0.640717,-6.51E-10,-5.88E-12,0,0.00E+00
815,138.38,22.784878,-0.587282,-1.12E-09,-9.38E-12,0,0.00E+00
816,138.55,32.630977,-0.533832,-1.07E-09,-7.02E-12,0,0.00E+00
817,138.72,40.219442,-0.480371,-8.44E-10,-8.05E-12,0,0.00E+00
818,138.89,46.023993,-0.426901,-5.65E-10,-7.96E-12,0,0.00E+00
819,139.06,50.404628,-0.373424,-4.53E-10,-1.10E-11,0,0.00E+00
820,139.23,53.866619,-0.315603,-9.99E-10,-1.54E-11,0,0.00E+00
821,139.4,56.370888,-0.255397,-1.24E-09,-2.06E-11,0,0.00E+00
822,139.57,58.024091,-0.195188,-1.59E-09,-2.54E-11,0,0.00E+00
823,139.74,59.062566,-0.134975,-1.71E-09,-3.18E-11,0,0.00E+00
824,139.91,59.695875,-7.48E-02,-1.79E-09,-3.48E-11,0,0.00E+00
825,140.08,60.115795,-1.45E-02,-1.61E-09,-3.83E-11,0,0.00E+00
826,140.25,60.508011,4.63E-02,-1.45E-09,-3.98E-11,0,0.00E+00
827,140.42,61.051082,0.107414,-9.87E-10,-3.78E-11,0,0.00E+00
828,140.59,61.927426,0.168494,-2.51E-10,-3.33E-11,0,0.00E+00
829,140.76,63.326075,0.229571,3.22E-10,-3.15E-11,0,0.00E+00
830,140.93,65.446794,0.290645,7.51E-10,-2.92E-11,0,0.00E+00
831,141.1,68.506013,0.351714,1.53E-09,-2.31E-11,0,0.00E+00
832,141.27,72.382289,0.408236,2.14E-09,-1.71E-11,0,0.00E+00
833,141.44,77.419745,0.46414,2.86E-09,-1.13E-11,0,0.00E+00
834,141.61,83.89157,0.520036,2.85E-09,-6.52E-12,0,0.00E+00
835,141.78,92.07256,0.575924,2.89E-09,6.42E-13,0,0.00E+00
836,141.95,102.286586,0.631802,3.43E-09,7.07E-12,0,0.00E+00
837,142.12,114.921504,0.687667,2.33E-09,2.52E-12,0,0.00E+00
838,142.29,127.217881,0.732794,1.76E-09,8.56E-14,0,0.00E+00
839,142.46,141.697198,0.777897,1.44E-09,9.86E-13,0,0.00E+00
840,142.63,158.723952,0.822988,1.08E-09,-2.75E-13,0,0.00E+00
841,142.8,178.737601,0.868063,7.27E-10,9.45E-15,0,0.00E+00
842,142.97,202.279793,0.913121,1.01E-09,9.31E-13,0,0.00E+00
843,143.14,228.842001,0.956374,9.51E-10,2.71E-12,0,0.00E+00
844,143.31,239.90421,0.986061,1.67E-09,3.32E-12,0,0.00E+00
845,143.48,249.690138,1.015816,1.43E-09,3.13E-12,0,0.00E+00
846,143.65,261.35631,1.045562,1.43E-09,4.15E-12,0,0.00E+00
847,143.82,275.301749,1.075295,1.75E-09,4.01E-12,0,0.00E+00
848,143.99,292.074587,1.105013,1.50E-09,2.63E-12,0,0.00E+00
849,144.16,312.409242,1.130423,1.09E-09,2.46E-12,0,0.00E+00
850,144.33,324.437259,1.141656,1.30E-09,2.12E-12,0,0.00E+00
851,144.5,333.94274,1.152889,9.71E-10,1.70E-12,0,0.00E+00
852,144.67,344.292112,1.164118,9.95E-10,1.45E-12,0,0.00E+00
853,144.84,355.525286,1.175343,8.37E-10,4.22E-13,0,0.00E+00
854,145.01,367.493674,1.186564,4.57E-10,-8.58E-15,0,0.00E+00
855,145.18,379.923391,1.190862,5.28E-10,6.13E-13,0,0.00E+00
856,145.35,371.154276,1.18229,7.50E-10,1.20E-12,0,0.00E+00
857,145.52,362.052779,1.173719,8.31E-10,9.06E-13,0,0.00E+00
858,145.69,353.044762,1.165147,6.18E-10,4.91E-13,0,0.00E+00
859,145.86,344.284088,1.156575,5.60E-10,3.45E-13,0,0.00E+00
860,146.03,335.765298,1.148001,5.25E-10,4.30E-13,0,0.00E+00
861,146.2,327.48005,1.130421,5.80E-10,1.11E-12,0,0.00E+00
862,146.37,302.304496,1.102601,8.14E-10,9.76E-13,0,0.00E+00
863,146.54,279.165349,1.074771,5.59E-10,7.93E-13,0,0.00E+00
864,146.71,257.929607,1.046933,6.27E-10,7.89E-13,0,0.00E+00
865,146.88,238.407503,1.019086,5.51E-10,1.83E-12,0,0.00E+00
866,147.05,220.433082,0.991232,9.52E-10,1.45E-12,0,0.00E+00
867,147.22,169.786277,0.953608,4.33E-10,4.37E-14,0,0.00E+00
868,147.39,120.212055,0.909088,2.20E-10,-1.19E-12,0,0.00E+00
869,147.56,79.84778,0.864523,5.50E-11,-1.37E-12,0,0.00E+00
870,147.73,49.911971,0.819905,1.33E-10,-5.08E-13,0,0.00E+00
871,147.9,27.064379,0.775251,-2.16E-10,-1.94E-12,0,0.00E+00
872,148.07,9.044323,0.730574,1.20E-10,-9.48E-13,0,0.00E+00
873,148.24,-7.948996,0.676984,-3.71E-10,-5.22E-12,0,0.00E+00
874,148.41,-21.96793,0.619647,-7.83E-10,-7.55E-12,0,0.00E+00
875,148.58,-32.722402,0.562294,-5.46E-10,-1.24E-12,0,0.00E+00
876,148.75,-40.940685,0.504928,5.77E-10,2.98E-12,0,0.00E+00
877,148.92,-47.154193,0.447552,3.18E-10,2.43E-12,0,0.00E+00
878,149.09,-51.769909,0.390168,6.12E-10,6.51E-12,0,0.00E+00
879,149.26,-55.393007,0.326905,4.20E-10,7.24E-12,0,0.00E+00
880,149.43,-57.86079,0.262367,2.96E-10,9.00E-12,0,0.00E+00
881,149.6,-59.400825,0.197825,9.41E-10,1.32E-11,0,0.00E+00
882,149.77,-60.284997,0.133279,1.00E-09,1.62E-11,0,0.00E+00
883,149.94,-60.756163,6.87E-02,1.44E-09,2.23E-11,0,0.00E+00
884,150.11,-61.038507,4.18E-03,1.71E-09,2.41E-11,0,0.00E+00
885,150.28,-61.35071,-6.12E-02,6.78E-10,1.89E-11,0,0.00E+00
886,150.45,-61.907495,-0.126594,-5.88E-10,1.11E-11,0,0.00E+00
887,150.62,-62.93098,-0.192005,-1.62E-09,5.46E-12,0,0.00E+00
888,150.79,-64.653821,-0.257413,-1.63E-09,3.74E-12,0,0.00E+00
889,150.96,-67.326513,-0.322816,-1.19E-09,5.70E-12,0,0.00E+00
890,151.13,-71.203413,-0.387892,-3.91E-10,4.48E-12,0,0.00E+00
891,151.3,-76.103397,-0.447704,-1.07E-09,1.39E-12,0,0.00E+00
892,151.47,-82.567158,-0.507509,-8.17E-11,6.27E-12,0,0.00E+00
893,151.64,-90.917445,-0.567304,-4.44E-10,6.08E-12,0,0.00E+00
894,151.81,-101.537908,-0.627088,-2.01E-10,2.61E-12,0,0.00E+00
895,151.98,-114.892894,-0.686858,-8.24E-10,1.43E-12,0,0.00E+00
896,152.15,-130.930526,-0.744588,-2.83E-10,5.93E-12,0,0.00E+00
897,152.32,-147.150106,-0.792784,4.07E-10,5.70E-12,0,0.00E+00
898,152.49,-166.436104,-0.840965,-3.97E-10,1.32E-12,0,0.00E+00
899,152.66,-189.366765,-0.889127,-7.34E-10,-7.62E-13,0,0.00E+00
900,152.83,-216.669642,-0.937267,-3.39E-10,-7.01E-13,0,0.00E+00
901,153,-249.275678,-0.98538,-1.85E-10,-1.42E-13,0,0.00E+00
902,153.17,-276.217455,-1.028615,-1.44E-10,-7.22E-13,0,0.00E+00
903,153.34,-288.367815,-1.060348,-3.96E-10,5.55E-13,0,0.00E+00
904,153.51,-303.257857,-1.092067,2.32E-10,1.34E-12,0,0.00E+00
905,153.68,-321.56587,-1.123767,2.14E-10,2.30E-12,0,0.00E+00
906,153.85,-344.310047,-1.155444,7.63E-10,1.70E-12,0,0.00E+00
907,154.02,-372.927876,-1.187089,2.64E-10,5.17E-14,0,0.00E+00
908,154.19,-408.98242,-1.210637,-1.48E-10,-7.76E-13,0,0.00E+00
909,154.36,-423.890849,-1.222529,-3.20E-10,-1.12E-12,0,0.00E+00
910,154.53,-439.227456,-1.234419,-3.95E-10,-1.43E-12,0,0.00E+00
911,154.7,-455.220968,-1.246305,-5.31E-10,-1.73E-12,0,0.00E+00
912,154.87,-471.902796,-1.258187,-6.28E-10,-2.34E-12,0,0.00E+00
913,155.04,-489.311165,-1.270066,-9.38E-10,-2.43E-12,0,0.00E+00
914,155.21,-507.486873,-1.270822,-8.15E-10,-2.44E-12,0,0.00E+00
915,155.38,-497.300267,-1.26157,-9.25E-10,-2.09E-12,0,0.00E+00
916,155.55,-486.614707,-1.25232,-6.84E-10,-1.34E-12,0,0.00E+00
917,155.72,-475.493739,-1.243073,-4.38E-10,-8.76E-13,0,0.00E+00
918,155.89,-463.986465,-1.233827,-3.45E-10,-3.56E-13,0,0.00E+00
919,156.06,-452.152902,-1.224583,-1.13E-10,-3.61E-13,0,0.00E+00
920,156.23,-440.066626,-1.202112,-2.61E-10,-4.23E-13,0,0.00E+00
921,156.4,-403.520293,-1.172352,-2.07E-10,-3.73E-14,0,0.00E+00
922,156.57,-370.546276,-1.142576,-4.27E-11,-7.70E-13,0,0.00E+00
923,156.74,-340.660745,-1.112786,-4.79E-10,-1.16E-12,0,0.00E+00
924,156.91,-313.511217,-1.082983,-3.26E-10,-1.31E-12,0,0.00E+00
925,157.08,-288.793016,-1.053169,-4.57E-10,-2.41E-12,0,0.00E+00
926,157.25,-216.043671,-1.009824,-5.30E-10,-2.90E-12,0,0.00E+00
927,157.42,-152.52725,-0.962273,-3.65E-10,-3.70E-12,0,0.00E+00
928,157.59,-102.324677,-0.914656,-1.20E-11,-1.59E-12,0,0.00E+00
929,157.76,-66.168515,-0.866967,-1.27E-10,-2.73E-12,0,0.00E+00
930,157.93,-38.998823,-0.819234,-2.72E-10,-3.75E-12,0,0.00E+00
931,158.1,-17.787477,-0.771471,-3.60E-10,-5.08E-12,0,0.00E+00
932,158.27,2.739528,-0.711857,-2.96E-10,-5.96E-12,0,0.00E+00
933,158.44,18.770193,-0.650622,6.80E-11,-3.79E-12,0,0.00E+00
934,158.61,30.961347,-0.589367,1.64E-11,-2.34E-12,0,0.00E+00
935,158.78,40.188603,-0.528098,-5.16E-10,-1.39E-11,0,0.00E+00
936,158.95,47.087178,-0.466817,-1.05E-09,-1.75E-11,0,0.00E+00
937,159.12,52.141246,-0.405527,-7.72E-10,-1.78E-11,0,0.00E+00
938,159.29,56.09275,-0.336674,-5.71E-10,-1.41E-11,0,0.00E+00
939,159.46,58.642799,-0.267804,1.14E-11,-8.88E-12,0,0.00E+00
940,159.63,60.159514,-0.19893,6.37E-10,-4.21E-12,0,0.00E+00
941,159.8,60.96139,-0.130052,9.63E-10,-3.51E-12,0,0.00E+00
942,159.97,61.333492,-6.12E-02,7.56E-10,-2.27E-12,0,0.00E+00
943,160.14,61.540453,7.81E-03,9.22E-10,-1.05E-12,0,0.00E+00
944,160.31,61.841173,7.76E-02,2.49E-10,-5.05E-12,0,0.00E+00
945,160.48,62.494936,0.147304,-5.16E-10,-6.51E-12,0,0.00E+00
946,160.65,63.771327,0.217046,-4.47E-10,-9.22E-12,0,0.00E+00
947,160.82,65.956942,0.286784,-5.45E-10,-8.98E-12,0,0.00E+00
948,160.99,69.366018,0.356515,-1.84E-10,-1.08E-12,0,0.00E+00
949,161.16,74.234709,0.424834,1.67E-10,-2.96E-13,0,0.00E+00
950,161.33,80.480492,0.488548,2.35E-10,-7.55E-13,0,0.00E+00
951,161.5,88.748106,0.552252,7.36E-11,2.13E-12,0,0.00E+00
952,161.67,99.478231,0.615943,6.20E-10,7.49E-12,0,0.00E+00
953,161.84,113.20857,0.67962,3.41E-10,1.80E-12,0,0.00E+00
954,162.01,130.608926,0.743277,-3.77E-10,-2.43E-12,0,0.00E+00
955,162.18,150.873629,0.802571,4.71E-11,6.64E-13,0,0.00E+00
956,162.35,172.244564,0.853843,2.40E-10,8.79E-13,0,0.00E+00
957,162.52,197.947819,0.905092,-3.35E-10,-1.82E-12,0,0.00E+00
958,162.69,228.926913,0.956316,-6.76E-10,-2.61E-12,0,0.00E+00
959,162.86,266.41655,1.007506,-5.93E-10,-2.21E-12,0,0.00E+00
960,163.03,312.068531,1.058655,5.42E-10,4.64E-13,0,0.00E+00
961,163.2,347.029992,1.101494,8.11E-10,-1.67E-12,0,0.00E+00
962,163.37,364.587695,1.135187,-3.53E-10,-1.67E-12,0,0.00E+00
963,163.54,387.108289,1.168855,9.81E-11,-5.90E-13,0,0.00E+00
964,163.71,416.303437,1.202487,1.37E-10,-6.28E-13,0,0.00E+00
965,163.88,454.923193,1.236067,-9.57E-11,-1.65E-13,0,0.00E+00
966,164.05,502.929129,1.269597,2.33E-10,-2.59E-13,0,0.00E+00
967,164.22,557.287474,1.290813,-7.33E-11,-5.42E-13,0,0.00E+00
968,164.39,579.328338,1.303353,-3.42E-11,-2.84E-13,0,0.00E+00
969,164.56,602.46347,1.315888,9.93E-11,-3.96E-13,0,0.00E+00
970,164.73,626.752155,1.328416,-7.55E-11,-2.16E-13,0,0.00E+00
971,164.9,652.269893,1.340938,1.70E-10,-2.60E-13,0,0.00E+00
972,165.07,679.098098,1.353453,-4.00E-11,4.98E-13,0,0.00E+00
973,165.24,707.325076,1.350191,6.64E-10,1.95E-13,0,0.00E+00
974,165.41,694.896502,1.34026,-8.86E-11,-2.91E-13,0,0.00E+00
975,165.58,681.876504,1.330336,1.61E-11,2.97E-13,0,0.00E+00
976,165.75,667.726765,1.320417,2.85E-10,3.63E-13,0,0.00E+00
977,165.92,652.454762,1.310503,1.65E-10,6.40E-13,0,0.00E+00
978,166.09,636.102886,1.300595,4.23E-10,7.54E-13,0,0.00E+00
979,166.26,565.201866,1.273048,1.36E-10,2.00E-12,0,0.00E+00
980,166.43,517.509137,1.24135,1.07E-09,1.91E-12,0,0.00E+00
981,166.6,471.254479,1.209643,5.99E-10,1.89E-12,0,0.00E+00
982,166.77,429.87096,1.177913,8.16E-10,2.03E-12,0,0.00E+00
983,166.94,392.773472,1.146164,6.62E-10,1.76E-12,0,0.00E+00
984,167.11,359.416046,1.114397,5.61E-10,2.06E-12,0,0.00E+00
985,167.28,257.894753,1.064968,8.67E-10,4.37E-12,0,0.00E+00
986,167.45,178.715593,1.014394,1.21E-09,5.42E-12,0,0.00E+00
987,167.62,121.17903,0.963712,7.55E-10,4.31E-12,0,0.00E+00
988,167.79,80.615784,0.912944,2.82E-10,3.65E-12,0,0.00E+00
989,167.96,49.907711,0.862127,8.89E-10,6.49E-12,0,0.00E+00
990,168.13,25.535788,0.810457,-9.80E-11,1.23E-12,0,0.00E+00
991,168.3,1.863988,0.745353,-1.77E-10,-1.04E-12,0,0.00E+00
992,168.47,-16.021858,0.680219,-3.32E-10,-4.58E-13,0,0.00E+00
993,168.64,-29.554366,0.615063,1.12E-10,3.09E-12,0,0.00E+00
994,168.81,-39.722386,0.549891,4.12E-10,1.13E-11,0,0.00E+00
995,168.98,-47.250249,0.484705,1.22E-09,1.81E-11,0,0.00E+00
996,169.15,-52.790567,0.418108,1.15E-09,1.86E-11,0,0.00E+00
997,169.32,-56.927106,0.344915,5.68E-10,2.17E-11,0,0.00E+00
998,169.49,-59.509515,0.271713,8.28E-10,2.12E-11,0,0.00E+00
999,169.66,-60.961348,0.198506,3.36E-10,2.23E-11,0,0.00E+00
1000,169.83,-61.649524,0.125295,1.30E-10,2.55E-11,0,0.00E+00
1001,170,-61.903924,5.21E-02,8.79E-12,2.41E-11,0,0.00E+00
1002,170.17,-62.033011,-2.14E-02,-1.66E-10,2.35E-11,0,0.00E+00
1003,170.34,-62.340961,-9.55E-02,1.82E-11,2.57E-11,0,0.00E+00
1004,170.51,-63.13765,-0.169542,3.44E-10,2.71E-11,0,0.00E+00
1005,170.68,-64.74789,-0.243615,-6.87E-11,2.34E-11,0,0.00E+00
1006,170.85,-67.523063,-0.317682,-3.91E-10,1.53E-11,0,0.00E+00
1007,171.02,-71.856141,-0.391741,-6.79E-10,1.54E-11,0,0.00E+00
1008,171.19,-77.934388,-0.463153,-4.53E-10,1.20E-11,0,0.00E+00
1009,171.36,-85.848676,-0.530767,-7.44E-10,1.02E-11,0,0.00E+00
1010,171.53,-96.362585,-0.598367,-5.85E-10,7.25E-12,0,0.00E+00
1011,171.7,-110.079639,-0.665952,-5.92E-10,9.35E-12,0,0.00E+00
1012,171.87,-127.757508,-0.733516,-7.09E-10,3.54E-12,0,0.00E+00
1013,172.04,-150.370425,-0.801056,-1.48E-09,-1.93E-12,0,0.00E+00
1014,172.21,-175.907714,-0.861623,-1.57E-09,-1.33E-12,0,0.00E+00
1015,172.38,-204.094444,-0.915962,-8.93E-10,-6.64E-14,0,0.00E+00
1016,172.55,-238.48074,-0.97027,-5.61E-10,9.53E-13,0,0.00E+00
1017,172.72,-280.645338,-1.024538,2.65E-11,8.17E-13,0,0.00E+00
1018,172.89,-332.753191,-1.078756,-1.11E-10,-9.43E-13,0,0.00E+00
1019,173.06,-397.860488,-1.132909,-7.22E-10,-3.47E-12,0,0.00E+00
1020,173.23,-429.710882,-1.175004,-2.14E-09,-1.09E-12,0,0.00E+00
1021,173.4,-457.558321,-1.210632,-1.95E-10,9.40E-14,0,0.00E+00
1022,173.57,-495.560673,-1.246205,-6.46E-10,-5.10E-13,0,0.00E+00
1023,173.74,-548.856369,-1.281695,-5.59E-10,-7.36E-13,0,0.00E+00
1024,173.91,-612.046775,-1.317129,-8.17E-10,-5.10E-13,0,0.00E+00
1025,174.08,-684.701684,-1.35251,-5.39E-10,-1.02E-12,0,0.00E+00
1026,174.25,-768.597417,-1.3709,-1.23E-09,-1.24E-12,0,0.00E+00
1027,174.42,-801.878933,-1.384063,-9.61E-10,-1.01E-12,0,0.00E+00
1028,174.59,-838.211046,-1.397214,-1.02E-09,-1.31E-12,0,0.00E+00
1029,174.76,-876.65481,-1.410354,-1.29E-09,-1.16E-12,0,0.00E+00
1030,174.93,-917.431207,-1.423481,-1.02E-09,-1.15E-12,0,0.00E+00
1031,175.1,-960.726604,-1.436596,-1.28E-09,-1.39E-12,0,0.00E+00
1032,175.27,-1006.749742,-1.428849,-1.38E-09,-1.46E-12,0,0.00E+00
1033,175.44,-992.343183,-1.418228,-1.36E-09,-1.57E-12,0,0.00E+00
1034,175.61,-977.787666,-1.407625,-1.40E-09,-1.61E-12,0,0.00E+00
1035,175.78,-961.072276,-1.397032,-1.37E-09,-1.62E-12,0,0.00E+00
1036,175.95,-941.908938,-1.38645,-1.37E-09,-1.88E-12,0,0.00E+00
1037,176.12,-920.002046,-1.375882,-1.54E-09,-1.38E-12,0,0.00E+00
1038,176.29,-798.0317,-1.342797,-3.73E-10,-9.09E-13,0,0.00E+00
1039,176.46,-726.194887,-1.309217,-5.59E-10,3.82E-14,0,0.00E+00
1040,176.63,-654.449265,-1.275631,1.52E-10,7.40E-13,0,0.00E+00
1041,176.8,-591.452862,-1.242006,1.17E-10,5.80E-13,0,0.00E+00
1042,176.97,-536.020931,-1.208347,1.66E-11,4.77E-13,0,0.00E+00
1043,177.14,-448.502239,-1.172342,-1.32E-10,5.25E-13,0,0.00E+00
1044,177.31,-312.325623,-1.118954,-2.47E-10,-1.23E-14,0,0.00E+00
1045,177.48,-213.309949,-1.065378,1.32E-10,1.34E-12,0,0.00E+00
1046,177.65,-147.235643,-1.011638,1.97E-10,1.88E-12,0,0.00E+00
1047,177.82,-100.305572,-0.9578,1.48E-10,1.61E-12,0,0.00E+00
1048,177.99,-64.720266,-0.903906,-4.87E-11,1.53E-12,0,0.00E+00
1049,178.16,-35.322891,-0.846456,3.27E-10,2.49E-12,0,0.00E+00
1050,178.33,-8.35627,-0.77746,9.37E-11,2.10E-12,0,0.00E+00
1051,178.5,11.913022,-0.70843,2.40E-10,8.82E-13,0,0.00E+00
1052,178.67,27.147448,-0.639375,-5.15E-10,-3.04E-12,0,0.00E+00
1053,178.84,38.503136,-0.5703,-5.86E-10,-2.54E-12,0,0.00E+00
1054,179.01,46.829142,-0.50121,-3.38E-11,-5.10E-13,0,0.00E+00
1055,179.18,52.98563,-0.429149,-3.09E-11,-2.92E-12,0,0.00E+00
1056,179.35,57.384261,-0.351624,-4.06E-10,-6.32E-12,0,0.00E+00
1057,179.52,60.049994,-0.274091,-5.65E-10,-9.92E-12,0,0.00E+00
1058,179.69,61.47289,-0.196552,-8.64E-10,-8.54E-12,0,0.00E+00
1059,179.86,62.07737,-0.119008,-7.67E-10,-1.10E-11,0,0.00E+00
1060,180.03,62.245781,-4.15E-02,-1.19E-09,-1.43E-11,0,0.00E+00
1061,180.2,62.337631,3.65E-02,-5.69E-10,-8.58E-12,0,0.00E+00
1062,180.37,62.710884,0.114902,5.50E-10,-2.97E-12,0,0.00E+00
1063,180.54,63.73397,0.19331,4.34E-10,-4.02E-12,0,0.00E+00
1064,180.71,65.797849,0.271713,2.97E-10,-4.08E-12,0,0.00E+00
1065,180.88,69.333091,0.350108,4.05E-10,-3.89E-12,0,0.00E+00
1066,181.05,74.831224,0.428494,3.13E-10,-1.11E-12,0,0.00E+00
1067,181.22,82.387844,0.502847,6.75E-10,-3.42E-12,0,0.00E+00
1068,181.39,92.373819,0.574359,9.76E-10,3.74E-14,0,0.00E+00
1069,181.56,105.690225,0.645853,7.51E-10,1.38E-12,0,0.00E+00
1070,181.73,123.168123,0.717327,6.94E-10,4.82E-12,0,0.00E+00
1071,181.9,145.883831,0.788774,7.54E-10,7.30E-12,0,0.00E+00
1072,182.07,175.27099,0.860188,1.25E-09,9.12E-12,0,0.00E+00
1073,182.24,207.462181,0.921737,8.99E-10,5.58E-12,0,0.00E+00
1074,182.41,244.808355,0.979131,3.68E-10,5.36E-12,0,0.00E+00
1075,182.58,291.193685,1.03648,6.80E-10,4.82E-12,0,0.00E+00
1076,182.75,349.348066,1.093769,6.20E-10,6.01E-12,0,0.00E+00
1077,182.92,423.232039,1.15098,6.00E-10,4.29E-12,0,0.00E+00
1078,183.09,518.815197,1.208081,4.65E-10,2.15E-12,0,0.00E+00
1079,183.26,567.000448,1.248915,-2.79E-10,2.31E-12,0,0.00E+00
1080,183.43,610.6175,1.286444,8.11E-10,9.34E-13,0,0.00E+00
1081,183.6,677.519925,1.323845,-3.37E-10,5.06E-13,0,0.00E+00
1082,183.77,762.995436,1.361142,2.39E-10,4.64E-13,0,0.00E+00
1083,183.94,863.334196,1.398355,-2.11E-10,4.36E-13,0,0.00E+00
1084,184.11,981.689739,1.435463,1.36E-10,3.79E-13,0,0.00E+00
1085,184.28,1122.582253,1.450483,-1.66E-10,3.38E-13,0,0.00E+00
1086,184.45,1175.608661,1.46421,3.78E-11,1.62E-13,0,0.00E+00
1087,184.62,1238.543339,1.477907,-2.94E-10,1.98E-13,0,0.00E+00
1088,184.79,1305.689414,1.491579,-1.34E-11,2.40E-13,0,0.00E+00
1089,184.96,1377.961883,1.505224,-1.73E-10,2.15E-13,0,0.00E+00
1090,185.13,1455.855983,1.517472,-8.43E-11,2.80E-13,0,0.00E+00
1091,185.3,1511.094697,1.50631,-6.76E-11,1.62E-13,0,0.00E+00
1092,185.47,1494.769613,1.494974,-2.03E-10,-6.01E-13,0,0.00E+00
1093,185.64,1479.178266,1.483689,-5.96E-10,-8.63E-13,0,0.00E+00
1094,185.81,1460.193197,1.47242,-6.62E-10,-9.92E-13,0,0.00E+00
1095,185.98,1436.757065,1.461173,-7.88E-10,-1.18E-12,0,0.00E+00
1096,186.15,1407.295319,1.445918,-1.00E-09,-1.04E-12,0,0.00E+00
1097,186.32,1194.428439,1.411131,-8.69E-11,-9.06E-13,0,0.00E+00
1098,186.49,1064.467342,1.375824,-6.86E-10,-3.01E-13,0,0.00E+00
1099,186.66,943.902061,1.340456,-7.78E-11,-4.49E-13,0,0.00E+00
1100,186.83,841.026954,1.305011,-5.44E-10,-5.08E-13,0,0.00E+00
1101,187,752.765681,1.269504,-2.32E-10,-1.70E-13,0,0.00E+00
1102,187.17,602.372752,1.227835,-6.11E-11,-2.28E-13,0,0.00E+00
1103,187.34,409.932086,1.171628,-4.97E-10,-1.85E-12,0,0.00E+00
1104,187.51,276.659773,1.115123,-5.40E-10,-2.55E-12,0,0.00E+00
1105,187.68,188.838093,1.05839,-1.45E-10,-1.97E-12,0,0.00E+00
1106,187.85,129.805575,1.001512,-2.74E-10,-3.45E-12,0,0.00E+00
1107,188.02,86.154854,0.944557,-4.29E-10,-4.04E-12,0,0.00E+00
1108,188.19,49.280239,0.881055,-3.52E-10,-2.07E-12,0,0.00E+00
1109,188.36,17.589144,0.808174,3.60E-10,1.65E-12,0,0.00E+00
1110,188.53,-5.944747,0.735252,9.37E-10,7.11E-12,0,0.00E+00
1111,188.7,-23.442287,0.6623,1.15E-09,9.86E-12,0,0.00E+00
1112,188.87,-36.350163,0.589325,1.14E-09,1.25E-11,0,0.00E+00
1113,189.04,-45.713737,0.516332,1.07E-09,1.35E-11,0,0.00E+00
1114,189.21,-52.666631,0.438658,6.99E-10,1.11E-11,0,0.00E+00
1115,189.38,-57.431606,0.356803,6.11E-10,9.42E-12,0,0.00E+00
1116,189.55,-60.247948,0.274938,4.24E-10,1.06E-11,0,0.00E+00
1117,189.72,-61.688737,0.193067,3.59E-10,8.80E-12,0,0.00E+00
1118,189.89,-62.247882,0.111191,1.85E-10,1.15E-11,0,0.00E+00
1119,190.06,-62.369776,2.93E-02,8.25E-10,1.45E-11,0,0.00E+00
1120,190.23,-62.473981,-5.31E-02,-1.00E-09,1.10E-11,0,0.00E+00
1121,190.4,-62.981621,-0.135869,-1.51E-09,8.50E-12,0,0.00E+00
1122,190.57,-64.329644,-0.218607,-1.79E-09,5.81E-12,0,0.00E+00
1123,190.74,-66.988421,-0.301339,-1.42E-09,5.57E-12,0,0.00E+00
1124,190.91,-71.485645,-0.384062,-1.08E-09,8.03E-12,0,0.00E+00
1125,191.08,-78.436779,-0.466773,-7.36E-10,9.20E-12,0,0.00E+00
1126,191.25,-87.787366,-0.543916,-8.61E-10,8.10E-12,0,0.00E+00
1127,191.42,-100.336924,-0.619323,-5.72E-10,3.87E-12,0,0.00E+00
1128,191.59,-117.147939,-0.694708,-1.19E-09,1.91E-12,0,0.00E+00
1129,191.76,-139.37338,-0.770066,-1.02E-09,8.49E-13,0,0.00E+00
1130,191.93,-168.558746,-0.845389,-8.57E-10,3.36E-12,0,0.00E+00
1131,192.1,-206.846012,-0.920666,-1.65E-10,5.65E-12,0,0.00E+00
1132,192.27,-247.56157,-0.982903,2.50E-10,7.36E-12,0,0.00E+00
1133,192.44,-297.469609,-1.043335,5.45E-10,6.12E-12,0,0.00E+00
1134,192.61,-360.902983,-1.1037,-6.24E-10,2.55E-12,0,0.00E+00
1135,192.78,-442.785193,-1.163971,-8.68E-10,2.02E-12,0,0.00E+00
1136,192.95,-550.765164,-1.224111,3.72E-11,1.27E-12,0,0.00E+00
1137,193.12,-697.333224,-1.284057,4.82E-10,1.96E-12,0,0.00E+00
1138,193.29,-774.42669,-1.32313,1.70E-09,7.45E-13,0,0.00E+00
1139,193.46,-847.492482,-1.362477,6.38E-12,9.99E-14,0,0.00E+00
1140,193.63,-965.721681,-1.401571,4.26E-10,4.08E-13,0,0.00E+00
1141,193.8,-1108.48659,-1.440524,4.44E-10,6.73E-13,0,0.00E+00
1142,193.97,-1281.462014,-1.479299,8.15E-10,7.49E-13,0,0.00E+00
1143,194.14,-1493.889467,-1.515117,7.73E-10,9.89E-13,0,0.00E+00
1144,194.31,-1690.857295,-1.529155,1.31E-09,1.16E-12,0,0.00E+00
1145,194.48,-1786.142367,-1.543313,1.30E-09,9.43E-13,0,0.00E+00
1146,194.65,-1904.614551,-1.557399,1.10E-09,8.98E-13,0,0.00E+00
1147,194.82,-2032.645591,-1.571426,1.30E-09,9.89E-13,0,0.00E+00
1148,194.99,-2173.595793,-1.585383,1.43E-09,1.10E-12,0,0.00E+00
1149,195.16,-2328.94191,-1.593752,1.68E-09,1.10E-12,0,0.00E+00
1150,195.33,-2325.147697,-1.58198,1.57E-09,8.50E-13,0,0.00E+00
1151,195.5,-2313.805802,-1.569985,1.46E-09,7.58E-13,0,0.00E+00
1152,195.67,-2300.153073,-1.558003,1.40E-09,1.09E-12,0,0.00E+00
1153,195.84,-2283.188577,-1.546038,1.66E-09,1.16E-12,0,0.00E+00
1154,196.01,-2261.387895,-1.534097,1.65E-09,9.05E-13,0,0.00E+00
1155,196.18,-2232.022196,-1.513952,1.43E-09,5.84E-13,0,0.00E+00
1156,196.35,-2037.407533,-1.476949,8.19E-10,4.02E-14,0,0.00E+00
1157,196.52,-1742.98553,-1.440315,3.99E-10,-7.63E-14,0,0.00E+00
1158,196.69,-1501.72113,-1.403446,4.43E-10,-3.31E-15,0,0.00E+00
1159,196.86,-1306.087431,-1.366394,4.42E-10,6.40E-15,0,0.00E+00
1160,197.03,-1144.870054,-1.329202,4.00E-10,-1.04E-13,0,0.00E+00
1161,197.2,-796.3239,-1.282033,3.88E-10,3.63E-13,0,0.00E+00
1162,197.37,-523.648369,-1.223127,4.90E-10,-2.75E-13,0,0.00E+00
1163,197.54,-346.27312,-1.163742,-5.04E-11,-4.49E-13,0,0.00E+00
1164,197.71,-234.5531,-1.104028,8.49E-10,2.92E-12,0,0.00E+00
1165,197.88,-162.164978,-1.044115,1.14E-09,5.06E-12,0,0.00E+00
1166,198.05,-109.541131,-0.984104,5.72E-10,5.40E-12,0,0.00E+00
1167,198.22,-64.017916,-0.91427,3.38E-10,4.35E-12,0,0.00E+00
1168,198.39,-27.217767,-0.837507,2.56E-10,8.75E-12,0,0.00E+00
1169,198.56,-0.18642,-0.760694,6.71E-10,8.30E-12,0,0.00E+00
1170,198.73,19.706013,-0.683846,5.45E-10,6.04E-12,0,0.00E+00
1171,198.9,34.232633,-0.606971,-1.63E-10,5.03E-12,0,0.00E+00
1172,199.07,44.659272,-0.530075,2.43E-11,7.32E-12,0,0.00E+00
1173,199.24,52.427249,-0.446639,3.67E-10,1.23E-11,0,0.00E+00
1174,199.41,57.532504,-0.360453,9.56E-10,1.93E-11,0,0.00E+00
1175,199.58,60.47083,-0.274257,1.37E-09,2.12E-11,0,0.00E+00
1176,199.75,61.905083,-0.188053,8.55E-10,2.13E-11,0,0.00E+00
1177,199.92,62.404309,-0.101844,6.91E-10,2.01E-11,0,0.00E+00
1178,200,62.476715,-2.90E-02,-3.39E-11,2.08E-11,0,0.00E+00
